 Nr, headm, heads,    ,    ,    ,     ,    ,    ,    ,    ,    ,    ,    ,    ,    ,    ,    ,    ,    ,    ,    ,    ,    ,    ,    ,    ,    ,    ,    ,     ,    ,    ,    ,    ,    ,    ,    ,    ,    ,    ,    ,    ,    ,    ,    ,     ,    ,    ,    ,     ,    ,    ,    ,     ,    ,     ,    ,     ,    ,     ,    ,    ,    ,     ,    ,    ,    ,     ,    ,     ,    ,     ,    ,     ,    ,     ,    ,     ,    ,     ,    ,     ,    ,     ,    ,     ,    ,     ,    ,     ,    ,     ,    ,     ,    ,     ,    ,     , 
  0,  3456,  1728, 432, 432, 432, 1296, 432, 432, 432, 432, 432, 432, 432, 432, 432, 432, 432, 432, 432, 432, 432, 432, 432, 432, 432, 432, 432, 432, 432, 1296, 432, 432, 432, 432, 432, 432, 432, 432, 432, 432, 432, 432, 432, 432, 432, 1296, 432, 432, 432, 1296, 432, 432, 432,  432, 432, 1296, 432, 1296, 432, 1296, 432, 432, 432, 1296, 432, 432, 432, 1296, 432,  432, 432, 1296, 432, 1296, 432, 1296, 432, 1296, 432,  432, 432,  432, 432, 1296, 432,  432, 432,  432, 432,  432, 432,  432, 432,  432, 432, 1296, 432, 1296, 432
  1,  3456,  1728, 432, 432, 432, 1296, 432, 432, 432, 432, 432, 432, 432, 432, 432, 432, 432, 432, 432, 432, 432, 432, 432, 432, 432, 432, 432, 432, 432, 1296, 432, 432, 432, 432, 432, 432, 432, 432, 432, 432, 432, 432, 432, 432, 432, 1296, 432, 432, 432, 1296, 432, 432, 432,  432, 432, 1296, 432, 1296, 432, 1296, 432, 432, 432, 1296, 432, 432, 432, 1296, 432,  432, 432, 1296, 432, 1296, 432, 1296, 432, 1296, 432,  432, 432,  432, 432, 1296, 432,  432, 432,  432, 432,  432, 432,  432, 432,  432, 432, 1296, 432, 1296, 432
  2,  3456,  1728, 432, 432, 432, 1296, 432, 432, 432, 432, 432, 432, 432, 432, 432, 432, 432, 432, 432, 432, 432, 432, 432, 432, 432, 432, 432, 432, 432, 1296, 432, 432, 432, 432, 432, 432, 432, 432, 432, 432, 432, 432, 432, 432, 432, 1296, 432, 432, 432, 1296, 432, 432, 432,  432, 432, 1296, 432, 1296, 432, 1296, 432, 432, 432, 1296, 432, 432, 432, 1296, 432,  432, 432, 1296, 432, 1296, 432, 1296, 432, 1296, 432,  432, 432,  432, 432, 1296, 432,  432, 432,  432, 432,  432, 432,  432, 432,  432, 432, 1296, 432, 1296, 432
  3,  3456,  1728, 432, 432, 432, 1296, 432, 432, 432, 432, 432, 432, 432, 432, 432, 432, 432, 432, 432, 432, 432, 432, 432, 432, 432, 432, 432, 432, 432, 1296, 432, 432, 432, 432, 432, 432, 432, 432, 432, 432, 432, 432, 432, 432, 432, 1296, 432, 432, 432, 1296, 432, 432, 432,  432, 432, 1296, 432, 1296, 432, 1296, 432, 432, 432, 1296, 432, 432, 432, 1296, 432, 1296, 432,  432, 432, 1296, 432, 1296, 432,  432, 432,  432, 432, 1296, 432, 1296, 432, 1296, 432, 1296, 432,  432, 432,  432, 432, 1296, 432, 1296, 432,  432, 432
  4,  3456,  1728, 432, 432, 432, 1296, 432, 432, 432, 432, 432, 432, 432, 432, 432, 432, 432, 432, 432, 432, 432, 432, 432, 432, 432, 432, 432, 432, 432, 1296, 432, 432, 432, 432, 432, 432, 432, 432, 432, 432, 432, 432, 432, 432, 432, 1296, 432, 432, 432, 1296, 432, 432, 432,  432, 432, 1296, 432, 1296, 432, 1296, 432, 432, 432, 1296, 432, 432, 432, 1296, 432, 1296, 432,  432, 432, 1296, 432, 1296, 432,  432, 432,  432, 432, 1296, 432, 1296, 432, 1296, 432, 1296, 432,  432, 432,  432, 432, 1296, 432, 1296, 432,  432, 432
  5,  3456,  1728, 432, 432, 432, 1296, 432, 432, 432, 432, 432, 432, 432, 432, 432, 432, 432, 432, 432, 432, 432, 432, 432, 432, 432, 432, 432, 432, 432, 1296, 432, 432, 432, 432, 432, 432, 432, 432, 432, 432, 432, 432, 432, 432, 432, 1296, 432, 432, 432, 1296, 432, 432, 432,  432, 432, 1296, 432, 1296, 432, 1296, 432, 432, 432, 1296, 432, 432, 432, 1296, 432, 1296, 432,  432, 432, 1296, 432, 1296, 432,  432, 432,  432, 432, 1296, 432, 1296, 432, 1296, 432, 1296, 432,  432, 432,  432, 432, 1296, 432, 1296, 432,  432, 432
  6,  3456,  1728, 432, 432, 432, 1296, 432, 432, 432, 432, 432, 432, 432, 432, 432, 432, 432, 432, 432, 432, 432, 432, 432, 432, 432, 432, 432, 432, 432, 1296, 432, 432, 432, 432, 432, 432, 432, 432, 432, 432, 432, 432, 432, 432, 432, 1296, 432, 432, 432, 1296, 432, 432, 432,  432, 432, 1296, 432, 1296, 432, 1296, 432, 432, 432, 1296, 432, 432, 432, 1296, 432,  432, 432, 1296, 432,  432, 432, 1296, 432,  432, 432,  432, 432, 1296, 432, 1296, 432,  432, 432,  432, 432, 1296, 432,  432, 432, 1296, 432, 1296, 432,  432, 432
  7,  3456,  1728, 432, 432, 432, 1296, 432, 432, 432, 432, 432, 432, 432, 432, 432, 432, 432, 432, 432, 432, 432, 432, 432, 432, 432, 432, 432, 432, 432, 1296, 432, 432, 432, 432, 432, 432, 432, 432, 432, 432, 432, 432, 432, 432, 432, 1296, 432, 432, 432, 1296, 432, 432, 432,  432, 432, 1296, 432, 1296, 432, 1296, 432, 432, 432, 1296, 432, 432, 432, 1296, 432,  432, 432, 1296, 432,  432, 432, 1296, 432,  432, 432,  432, 432, 1296, 432, 1296, 432,  432, 432,  432, 432, 1296, 432,  432, 432, 1296, 432, 1296, 432,  432, 432
  8,  3456,  1728, 432, 432, 432, 1296, 432, 432, 432, 432, 432, 432, 432, 432, 432, 432, 432, 432, 432, 432, 432, 432, 432, 432, 432, 432, 432, 432, 432, 1296, 432, 432, 432, 432, 432, 432, 432, 432, 432, 432, 432, 432, 432, 432, 432, 1296, 432, 432, 432, 1296, 432, 432, 432,  432, 432, 1296, 432, 1296, 432, 1296, 432, 432, 432, 1296, 432, 432, 432, 1296, 432,  432, 432, 1296, 432,  432, 432, 1296, 432,  432, 432,  432, 432, 1296, 432, 1296, 432,  432, 432,  432, 432, 1296, 432,  432, 432, 1296, 432, 1296, 432,  432, 432
  9,  3456,  1728, 432, 432, 432, 1296, 432, 432, 432, 432, 432, 432, 432, 432, 432, 432, 432, 432, 432, 432, 432, 432, 432, 432, 432, 432, 432, 432, 432, 1296, 432, 432, 432, 432, 432, 432, 432, 432, 432, 432, 432, 432, 432, 432, 432, 1296, 432, 432, 432, 1296, 432, 432, 432,  432, 432, 1296, 432, 1296, 432, 1296, 432, 432, 432, 1296, 432, 432, 432, 1296, 432, 1296, 432, 1296, 432,  432, 432, 1296, 432,  432, 432,  432, 432, 1296, 432, 1296, 432, 1296, 432,  432, 432, 1296, 432,  432, 432, 1296, 432, 1296, 432,  432, 432
 10,  3456,  1728, 432, 432, 432, 1296, 432, 432, 432, 432, 432, 432, 432, 432, 432, 432, 432, 432, 432, 432, 432, 432, 432, 432, 432, 432, 432, 432, 432, 1296, 432, 432, 432, 432, 432, 432, 432, 432, 432, 432, 432, 432, 432, 432, 432, 1296, 432, 432, 432, 1296, 432, 432, 432,  432, 432, 1296, 432, 1296, 432, 1296, 432, 432, 432, 1296, 432, 432, 432, 1296, 432, 1296, 432, 1296, 432,  432, 432, 1296, 432,  432, 432,  432, 432, 1296, 432, 1296, 432, 1296, 432,  432, 432, 1296, 432,  432, 432, 1296, 432, 1296, 432,  432, 432
 11,  3456,  1728, 432, 432, 432, 1296, 432, 432, 432, 432, 432, 432, 432, 432, 432, 432, 432, 432, 432, 432, 432, 432, 432, 432, 432, 432, 432, 432, 432, 1296, 432, 432, 432, 432, 432, 432, 432, 432, 432, 432, 432, 432, 432, 432, 432, 1296, 432, 432, 432, 1296, 432, 432, 432,  432, 432, 1296, 432, 1296, 432, 1296, 432, 432, 432, 1296, 432, 432, 432, 1296, 432, 1296, 432, 1296, 432,  432, 432, 1296, 432,  432, 432,  432, 432, 1296, 432, 1296, 432, 1296, 432,  432, 432, 1296, 432,  432, 432, 1296, 432, 1296, 432,  432, 432
 12,  3456,  1728, 432, 432, 432, 1296, 432, 432, 432, 432, 432, 432, 432, 432, 432, 432, 432, 432, 432, 432, 432, 432, 432, 432, 432, 432, 432, 432, 432, 1296, 432, 432, 432, 432, 432, 432, 432, 432, 432, 432, 432, 432, 432, 432, 432, 1296, 432, 432, 432, 1296, 432, 432, 432,  432, 432, 1296, 432, 1296, 432, 1296, 432, 432, 432, 1296, 432, 432, 432,  432, 432,  432, 432,  432, 432, 1296, 432, 1296, 432,  432, 432,  432, 432, 1296, 432,  432, 432,  432, 432, 1296, 432,  432, 432,  432, 432, 1296, 432, 1296, 432,  432, 432
 13,  3456,  1728, 432, 432, 432, 1296, 432, 432, 432, 432, 432, 432, 432, 432, 432, 432, 432, 432, 432, 432, 432, 432, 432, 432, 432, 432, 432, 432, 432, 1296, 432, 432, 432, 432, 432, 432, 432, 432, 432, 432, 432, 432, 432, 432, 432, 1296, 432, 432, 432, 1296, 432, 432, 432,  432, 432, 1296, 432, 1296, 432, 1296, 432, 432, 432, 1296, 432, 432, 432,  432, 432,  432, 432,  432, 432, 1296, 432, 1296, 432,  432, 432,  432, 432, 1296, 432,  432, 432,  432, 432, 1296, 432,  432, 432,  432, 432, 1296, 432, 1296, 432,  432, 432
 14,  3456,  1728, 432, 432, 432, 1296, 432, 432, 432, 432, 432, 432, 432, 432, 432, 432, 432, 432, 432, 432, 432, 432, 432, 432, 432, 432, 432, 432, 432, 1296, 432, 432, 432, 432, 432, 432, 432, 432, 432, 432, 432, 432, 432, 432, 432, 1296, 432, 432, 432, 1296, 432, 432, 432,  432, 432, 1296, 432, 1296, 432, 1296, 432, 432, 432, 1296, 432, 432, 432,  432, 432,  432, 432,  432, 432, 1296, 432, 1296, 432,  432, 432,  432, 432, 1296, 432,  432, 432,  432, 432, 1296, 432,  432, 432,  432, 432, 1296, 432, 1296, 432,  432, 432
 15,  3456,  1728, 432, 432, 432, 1296, 432, 432, 432, 432, 432, 432, 432, 432, 432, 432, 432, 432, 432, 432, 432, 432, 432, 432, 432, 432, 432, 432, 432, 1296, 432, 432, 432, 432, 432, 432, 432, 432, 432, 432, 432, 432, 432, 432, 432, 1296, 432, 432, 432, 1296, 432, 432, 432,  432, 432, 1296, 432, 1296, 432, 1296, 432, 432, 432, 1296, 432, 432, 432,  432, 432, 1296, 432, 1296, 432,  432, 432, 1296, 432,  432, 432,  432, 432, 1296, 432,  432, 432, 1296, 432,  432, 432, 1296, 432,  432, 432, 1296, 432, 1296, 432,  432, 432
 16,  3456,  1728, 432, 432, 432, 1296, 432, 432, 432, 432, 432, 432, 432, 432, 432, 432, 432, 432, 432, 432, 432, 432, 432, 432, 432, 432, 432, 432, 432, 1296, 432, 432, 432, 432, 432, 432, 432, 432, 432, 432, 432, 432, 432, 432, 432, 1296, 432, 432, 432, 1296, 432, 432, 432,  432, 432, 1296, 432, 1296, 432, 1296, 432, 432, 432, 1296, 432, 432, 432,  432, 432, 1296, 432, 1296, 432,  432, 432, 1296, 432,  432, 432,  432, 432, 1296, 432,  432, 432, 1296, 432,  432, 432, 1296, 432,  432, 432, 1296, 432, 1296, 432,  432, 432
 17,  3456,  1728, 432, 432, 432, 1296, 432, 432, 432, 432, 432, 432, 432, 432, 432, 432, 432, 432, 432, 432, 432, 432, 432, 432, 432, 432, 432, 432, 432, 1296, 432, 432, 432, 432, 432, 432, 432, 432, 432, 432, 432, 432, 432, 432, 432, 1296, 432, 432, 432, 1296, 432, 432, 432,  432, 432, 1296, 432, 1296, 432, 1296, 432, 432, 432, 1296, 432, 432, 432,  432, 432, 1296, 432, 1296, 432,  432, 432, 1296, 432,  432, 432,  432, 432, 1296, 432,  432, 432, 1296, 432,  432, 432, 1296, 432,  432, 432, 1296, 432, 1296, 432,  432, 432
 18,  3456,  1728, 432, 432, 432, 1296, 432, 432, 432, 432, 432, 432, 432, 432, 432, 432, 432, 432, 432, 432, 432, 432, 432, 432, 432, 432, 432, 432, 432, 1296, 432, 432, 432, 432, 432, 432, 432, 432, 432, 432, 432, 432, 432, 432, 432, 1296, 432, 432, 432, 1296, 432, 432, 432,  432, 432, 1296, 432, 1296, 432, 1296, 432, 432, 432, 1296, 432, 432, 432,  432, 432,  432, 432,  432, 432,  432, 432, 1296, 432,  432, 432,  432, 432,  432, 432,  432, 432,  432, 432, 1296, 432, 1296, 432,  432, 432, 1296, 432, 1296, 432, 1296, 432
 19,  3456,  1728, 432, 432, 432, 1296, 432, 432, 432, 432, 432, 432, 432, 432, 432, 432, 432, 432, 432, 432, 432, 432, 432, 432, 432, 432, 432, 432, 432, 1296, 432, 432, 432, 432, 432, 432, 432, 432, 432, 432, 432, 432, 432, 432, 432, 1296, 432, 432, 432, 1296, 432, 432, 432,  432, 432, 1296, 432, 1296, 432, 1296, 432, 432, 432, 1296, 432, 432, 432,  432, 432,  432, 432,  432, 432,  432, 432, 1296, 432,  432, 432,  432, 432,  432, 432,  432, 432,  432, 432, 1296, 432, 1296, 432,  432, 432, 1296, 432, 1296, 432, 1296, 432
 20,  3456,  1728, 432, 432, 432, 1296, 432, 432, 432, 432, 432, 432, 432, 432, 432, 432, 432, 432, 432, 432, 432, 432, 432, 432, 432, 432, 432, 432, 432, 1296, 432, 432, 432, 432, 432, 432, 432, 432, 432, 432, 432, 432, 432, 432, 432, 1296, 432, 432, 432, 1296, 432, 432, 432,  432, 432, 1296, 432, 1296, 432, 1296, 432, 432, 432, 1296, 432, 432, 432,  432, 432,  432, 432,  432, 432,  432, 432, 1296, 432,  432, 432,  432, 432,  432, 432,  432, 432,  432, 432, 1296, 432, 1296, 432,  432, 432, 1296, 432, 1296, 432, 1296, 432
 21,  3456,  1728, 432, 432, 432, 1296, 432, 432, 432, 432, 432, 432, 432, 432, 432, 432, 432, 432, 432, 432, 432, 432, 432, 432, 432, 432, 432, 432, 432, 1296, 432, 432, 432, 432, 432, 432, 432, 432, 432, 432, 432, 432, 432, 432, 432, 1296, 432, 432, 432, 1296, 432, 432, 432,  432, 432, 1296, 432, 1296, 432, 1296, 432, 432, 432, 1296, 432, 432, 432, 1296, 432,  432, 432,  432, 432,  432, 432, 1296, 432,  432, 432,  432, 432,  432, 432, 1296, 432,  432, 432, 1296, 432, 1296, 432,  432, 432, 1296, 432, 1296, 432, 1296, 432
 22,  3456,  1728, 432, 432, 432, 1296, 432, 432, 432, 432, 432, 432, 432, 432, 432, 432, 432, 432, 432, 432, 432, 432, 432, 432, 432, 432, 432, 432, 432, 1296, 432, 432, 432, 432, 432, 432, 432, 432, 432, 432, 432, 432, 432, 432, 432, 1296, 432, 432, 432, 1296, 432, 432, 432,  432, 432, 1296, 432, 1296, 432, 1296, 432, 432, 432, 1296, 432, 432, 432, 1296, 432,  432, 432,  432, 432,  432, 432, 1296, 432,  432, 432,  432, 432,  432, 432, 1296, 432,  432, 432, 1296, 432, 1296, 432,  432, 432, 1296, 432, 1296, 432, 1296, 432
 23,  3456,  1728, 432, 432, 432, 1296, 432, 432, 432, 432, 432, 432, 432, 432, 432, 432, 432, 432, 432, 432, 432, 432, 432, 432, 432, 432, 432, 432, 432, 1296, 432, 432, 432, 432, 432, 432, 432, 432, 432, 432, 432, 432, 432, 432, 432, 1296, 432, 432, 432, 1296, 432, 432, 432,  432, 432, 1296, 432, 1296, 432, 1296, 432, 432, 432, 1296, 432, 432, 432, 1296, 432,  432, 432,  432, 432,  432, 432, 1296, 432,  432, 432,  432, 432,  432, 432, 1296, 432,  432, 432, 1296, 432, 1296, 432,  432, 432, 1296, 432, 1296, 432, 1296, 432
 24,  3456,  1728, 432, 432, 432, 1296, 432, 432, 432, 432, 432, 432, 432, 432, 432, 432, 432, 432, 432, 432, 432, 432, 432, 432, 432, 432, 432, 432, 432, 1296, 432, 432, 432, 432, 432, 432, 432, 432, 432, 432, 432, 432, 432, 432, 432, 1296, 432, 432, 432, 1296, 432, 432, 432,  432, 432, 1296, 432, 1296, 432, 1296, 432, 432, 432, 1296, 432, 432, 432,  432, 432, 1296, 432,  432, 432,  432, 432, 1296, 432,  432, 432,  432, 432,  432, 432,  432, 432, 1296, 432, 1296, 432, 1296, 432,  432, 432, 1296, 432, 1296, 432, 1296, 432
 25,  3456,  1728, 432, 432, 432, 1296, 432, 432, 432, 432, 432, 432, 432, 432, 432, 432, 432, 432, 432, 432, 432, 432, 432, 432, 432, 432, 432, 432, 432, 1296, 432, 432, 432, 432, 432, 432, 432, 432, 432, 432, 432, 432, 432, 432, 432, 1296, 432, 432, 432, 1296, 432, 432, 432,  432, 432, 1296, 432, 1296, 432, 1296, 432, 432, 432, 1296, 432, 432, 432,  432, 432, 1296, 432,  432, 432,  432, 432, 1296, 432,  432, 432,  432, 432,  432, 432,  432, 432, 1296, 432, 1296, 432, 1296, 432,  432, 432, 1296, 432, 1296, 432, 1296, 432
 26,  3456,  1728, 432, 432, 432, 1296, 432, 432, 432, 432, 432, 432, 432, 432, 432, 432, 432, 432, 432, 432, 432, 432, 432, 432, 432, 432, 432, 432, 432, 1296, 432, 432, 432, 432, 432, 432, 432, 432, 432, 432, 432, 432, 432, 432, 432, 1296, 432, 432, 432, 1296, 432, 432, 432,  432, 432, 1296, 432, 1296, 432, 1296, 432, 432, 432, 1296, 432, 432, 432,  432, 432, 1296, 432,  432, 432,  432, 432, 1296, 432,  432, 432,  432, 432,  432, 432,  432, 432, 1296, 432, 1296, 432, 1296, 432,  432, 432, 1296, 432, 1296, 432, 1296, 432
 27,  3456,  1728, 432, 432, 432, 1296, 432, 432, 432, 432, 432, 432, 432, 432, 432, 432, 432, 432, 432, 432, 432, 432, 432, 432, 432, 432, 432, 432, 432, 1296, 432, 432, 432, 432, 432, 432, 432, 432, 432, 432, 432, 432, 432, 432, 432, 1296, 432, 432, 432, 1296, 432, 432, 432,  432, 432, 1296, 432, 1296, 432, 1296, 432, 432, 432, 1296, 432, 432, 432, 1296, 432, 1296, 432,  432, 432,  432, 432, 1296, 432,  432, 432,  432, 432,  432, 432, 1296, 432, 1296, 432, 1296, 432, 1296, 432,  432, 432, 1296, 432, 1296, 432, 1296, 432
 28,  3456,  1728, 432, 432, 432, 1296, 432, 432, 432, 432, 432, 432, 432, 432, 432, 432, 432, 432, 432, 432, 432, 432, 432, 432, 432, 432, 432, 432, 432, 1296, 432, 432, 432, 432, 432, 432, 432, 432, 432, 432, 432, 432, 432, 432, 432, 1296, 432, 432, 432, 1296, 432, 432, 432,  432, 432, 1296, 432, 1296, 432, 1296, 432, 432, 432, 1296, 432, 432, 432, 1296, 432, 1296, 432,  432, 432,  432, 432, 1296, 432,  432, 432,  432, 432,  432, 432, 1296, 432, 1296, 432, 1296, 432, 1296, 432,  432, 432, 1296, 432, 1296, 432, 1296, 432
 29,  3456,  1728, 432, 432, 432, 1296, 432, 432, 432, 432, 432, 432, 432, 432, 432, 432, 432, 432, 432, 432, 432, 432, 432, 432, 432, 432, 432, 432, 432, 1296, 432, 432, 432, 432, 432, 432, 432, 432, 432, 432, 432, 432, 432, 432, 432, 1296, 432, 432, 432, 1296, 432, 432, 432,  432, 432, 1296, 432, 1296, 432, 1296, 432, 432, 432, 1296, 432, 432, 432, 1296, 432, 1296, 432,  432, 432,  432, 432, 1296, 432,  432, 432,  432, 432,  432, 432, 1296, 432, 1296, 432, 1296, 432, 1296, 432,  432, 432, 1296, 432, 1296, 432, 1296, 432
 30,  3456,  1728, 432, 432, 432, 1296, 432, 432, 432, 432, 432, 432, 432, 432, 432, 432, 432, 432, 432, 432, 432, 432, 432, 432, 432, 432, 432, 432, 432, 1296, 432, 432, 432, 432, 432, 432, 432, 432, 432, 432, 432, 432, 432, 432, 432, 1296, 432, 432, 432, 1296, 432, 432, 432,  432, 432, 1296, 432, 1296, 432, 1296, 432, 432, 432, 1296, 432, 432, 432,  432, 432,  432, 432, 1296, 432,  432, 432, 1296, 432,  432, 432,  432, 432,  432, 432,  432, 432,  432, 432,  432, 432, 1296, 432,  432, 432, 1296, 432, 1296, 432, 1296, 432
 31,  3456,  1728, 432, 432, 432, 1296, 432, 432, 432, 432, 432, 432, 432, 432, 432, 432, 432, 432, 432, 432, 432, 432, 432, 432, 432, 432, 432, 432, 432, 1296, 432, 432, 432, 432, 432, 432, 432, 432, 432, 432, 432, 432, 432, 432, 432, 1296, 432, 432, 432, 1296, 432, 432, 432,  432, 432, 1296, 432, 1296, 432, 1296, 432, 432, 432, 1296, 432, 432, 432,  432, 432,  432, 432, 1296, 432,  432, 432, 1296, 432,  432, 432,  432, 432,  432, 432,  432, 432,  432, 432,  432, 432, 1296, 432,  432, 432, 1296, 432, 1296, 432, 1296, 432
 32,  3456,  1728, 432, 432, 432, 1296, 432, 432, 432, 432, 432, 432, 432, 432, 432, 432, 432, 432, 432, 432, 432, 432, 432, 432, 432, 432, 432, 432, 432, 1296, 432, 432, 432, 432, 432, 432, 432, 432, 432, 432, 432, 432, 432, 432, 432, 1296, 432, 432, 432, 1296, 432, 432, 432,  432, 432, 1296, 432, 1296, 432, 1296, 432, 432, 432, 1296, 432, 432, 432,  432, 432,  432, 432, 1296, 432,  432, 432, 1296, 432,  432, 432,  432, 432,  432, 432,  432, 432,  432, 432,  432, 432, 1296, 432,  432, 432, 1296, 432, 1296, 432, 1296, 432
 33,  3456,  1728, 432, 432, 432, 1296, 432, 432, 432, 432, 432, 432, 432, 432, 432, 432, 432, 432, 432, 432, 432, 432, 432, 432, 432, 432, 432, 432, 432, 1296, 432, 432, 432, 432, 432, 432, 432, 432, 432, 432, 432, 432, 432, 432, 432, 1296, 432, 432, 432, 1296, 432, 432, 432,  432, 432, 1296, 432, 1296, 432, 1296, 432, 432, 432, 1296, 432, 432, 432, 1296, 432,  432, 432, 1296, 432,  432, 432, 1296, 432,  432, 432,  432, 432,  432, 432, 1296, 432,  432, 432,  432, 432, 1296, 432,  432, 432, 1296, 432, 1296, 432, 1296, 432
 34,  3456,  1728, 432, 432, 432, 1296, 432, 432, 432, 432, 432, 432, 432, 432, 432, 432, 432, 432, 432, 432, 432, 432, 432, 432, 432, 432, 432, 432, 432, 1296, 432, 432, 432, 432, 432, 432, 432, 432, 432, 432, 432, 432, 432, 432, 432, 1296, 432, 432, 432, 1296, 432, 432, 432,  432, 432, 1296, 432, 1296, 432, 1296, 432, 432, 432, 1296, 432, 432, 432, 1296, 432,  432, 432, 1296, 432,  432, 432, 1296, 432,  432, 432,  432, 432,  432, 432, 1296, 432,  432, 432,  432, 432, 1296, 432,  432, 432, 1296, 432, 1296, 432, 1296, 432
 35,  3456,  1728, 432, 432, 432, 1296, 432, 432, 432, 432, 432, 432, 432, 432, 432, 432, 432, 432, 432, 432, 432, 432, 432, 432, 432, 432, 432, 432, 432, 1296, 432, 432, 432, 432, 432, 432, 432, 432, 432, 432, 432, 432, 432, 432, 432, 1296, 432, 432, 432, 1296, 432, 432, 432,  432, 432, 1296, 432, 1296, 432, 1296, 432, 432, 432, 1296, 432, 432, 432, 1296, 432,  432, 432, 1296, 432,  432, 432, 1296, 432,  432, 432,  432, 432,  432, 432, 1296, 432,  432, 432,  432, 432, 1296, 432,  432, 432, 1296, 432, 1296, 432, 1296, 432
 36,  3456,  1728, 432, 432, 432, 1296, 432, 432, 432, 432, 432, 432, 432, 432, 432, 432, 432, 432, 432, 432, 432, 432, 432, 432, 432, 432, 432, 432, 432, 1296, 432, 432, 432, 432, 432, 432, 432, 432, 432, 432, 432, 432, 432, 432, 432, 1296, 432, 432, 432, 1296, 432, 432, 432,  432, 432, 1296, 432, 1296, 432, 1296, 432, 432, 432, 1296, 432, 432, 432,  432, 432, 1296, 432, 1296, 432,  432, 432, 1296, 432,  432, 432,  432, 432,  432, 432,  432, 432, 1296, 432,  432, 432, 1296, 432,  432, 432, 1296, 432, 1296, 432, 1296, 432
 37,  3456,  1728, 432, 432, 432, 1296, 432, 432, 432, 432, 432, 432, 432, 432, 432, 432, 432, 432, 432, 432, 432, 432, 432, 432, 432, 432, 432, 432, 432, 1296, 432, 432, 432, 432, 432, 432, 432, 432, 432, 432, 432, 432, 432, 432, 432, 1296, 432, 432, 432, 1296, 432, 432, 432,  432, 432, 1296, 432, 1296, 432, 1296, 432, 432, 432, 1296, 432, 432, 432,  432, 432, 1296, 432, 1296, 432,  432, 432, 1296, 432,  432, 432,  432, 432,  432, 432,  432, 432, 1296, 432,  432, 432, 1296, 432,  432, 432, 1296, 432, 1296, 432, 1296, 432
 38,  3456,  1728, 432, 432, 432, 1296, 432, 432, 432, 432, 432, 432, 432, 432, 432, 432, 432, 432, 432, 432, 432, 432, 432, 432, 432, 432, 432, 432, 432, 1296, 432, 432, 432, 432, 432, 432, 432, 432, 432, 432, 432, 432, 432, 432, 432, 1296, 432, 432, 432, 1296, 432, 432, 432,  432, 432, 1296, 432, 1296, 432, 1296, 432, 432, 432, 1296, 432, 432, 432,  432, 432, 1296, 432, 1296, 432,  432, 432, 1296, 432,  432, 432,  432, 432,  432, 432,  432, 432, 1296, 432,  432, 432, 1296, 432,  432, 432, 1296, 432, 1296, 432, 1296, 432
 39,  3456,  1728, 432, 432, 432, 1296, 432, 432, 432, 432, 432, 432, 432, 432, 432, 432, 432, 432, 432, 432, 432, 432, 432, 432, 432, 432, 432, 432, 432, 1296, 432, 432, 432, 432, 432, 432, 432, 432, 432, 432, 432, 432, 432, 432, 432, 1296, 432, 432, 432, 1296, 432, 432, 432,  432, 432, 1296, 432, 1296, 432, 1296, 432, 432, 432, 1296, 432, 432, 432, 1296, 432, 1296, 432, 1296, 432,  432, 432, 1296, 432,  432, 432,  432, 432,  432, 432, 1296, 432, 1296, 432,  432, 432, 1296, 432,  432, 432, 1296, 432, 1296, 432, 1296, 432
 40,  3456,  1728, 432, 432, 432, 1296, 432, 432, 432, 432, 432, 432, 432, 432, 432, 432, 432, 432, 432, 432, 432, 432, 432, 432, 432, 432, 432, 432, 432, 1296, 432, 432, 432, 432, 432, 432, 432, 432, 432, 432, 432, 432, 432, 432, 432, 1296, 432, 432, 432, 1296, 432, 432, 432,  432, 432, 1296, 432, 1296, 432, 1296, 432, 432, 432, 1296, 432, 432, 432, 1296, 432, 1296, 432, 1296, 432,  432, 432, 1296, 432,  432, 432,  432, 432,  432, 432, 1296, 432, 1296, 432,  432, 432, 1296, 432,  432, 432, 1296, 432, 1296, 432, 1296, 432
 41,  3456,  1728, 432, 432, 432, 1296, 432, 432, 432, 432, 432, 432, 432, 432, 432, 432, 432, 432, 432, 432, 432, 432, 432, 432, 432, 432, 432, 432, 432, 1296, 432, 432, 432, 432, 432, 432, 432, 432, 432, 432, 432, 432, 432, 432, 432, 1296, 432, 432, 432, 1296, 432, 432, 432,  432, 432, 1296, 432, 1296, 432, 1296, 432, 432, 432, 1296, 432, 432, 432, 1296, 432, 1296, 432, 1296, 432,  432, 432, 1296, 432,  432, 432,  432, 432,  432, 432, 1296, 432, 1296, 432,  432, 432, 1296, 432,  432, 432, 1296, 432, 1296, 432, 1296, 432
 42,  3456,  1728, 432, 432, 432, 1296, 432, 432, 432, 432, 432, 432, 432, 432, 432, 432, 432, 432, 432, 432, 432, 432, 432, 432, 432, 432, 432, 432, 432, 1296, 432, 432, 432, 432, 432, 432, 432, 432, 432, 432, 432, 432, 432, 432, 432, 1296, 432, 432, 432, 1296, 432, 432, 432,  432, 432, 1296, 432, 1296, 432, 1296, 432, 432, 432, 1296, 432, 432, 432,  432, 432,  432, 432,  432, 432, 1296, 432, 1296, 432,  432, 432,  432, 432,  432, 432,  432, 432,  432, 432, 1296, 432,  432, 432,  432, 432, 1296, 432, 1296, 432, 1296, 432
 43,  3456,  1728, 432, 432, 432, 1296, 432, 432, 432, 432, 432, 432, 432, 432, 432, 432, 432, 432, 432, 432, 432, 432, 432, 432, 432, 432, 432, 432, 432, 1296, 432, 432, 432, 432, 432, 432, 432, 432, 432, 432, 432, 432, 432, 432, 432, 1296, 432, 432, 432, 1296, 432, 432, 432,  432, 432, 1296, 432, 1296, 432, 1296, 432, 432, 432, 1296, 432, 432, 432,  432, 432,  432, 432,  432, 432, 1296, 432, 1296, 432,  432, 432,  432, 432,  432, 432,  432, 432,  432, 432, 1296, 432,  432, 432,  432, 432, 1296, 432, 1296, 432, 1296, 432
 44,  3456,  1728, 432, 432, 432, 1296, 432, 432, 432, 432, 432, 432, 432, 432, 432, 432, 432, 432, 432, 432, 432, 432, 432, 432, 432, 432, 432, 432, 432, 1296, 432, 432, 432, 432, 432, 432, 432, 432, 432, 432, 432, 432, 432, 432, 432, 1296, 432, 432, 432, 1296, 432, 432, 432,  432, 432, 1296, 432, 1296, 432, 1296, 432, 432, 432, 1296, 432, 432, 432,  432, 432,  432, 432,  432, 432, 1296, 432, 1296, 432,  432, 432,  432, 432,  432, 432,  432, 432,  432, 432, 1296, 432,  432, 432,  432, 432, 1296, 432, 1296, 432, 1296, 432
 45,  3456,  1728, 432, 432, 432, 1296, 432, 432, 432, 432, 432, 432, 432, 432, 432, 432, 432, 432, 432, 432, 432, 432, 432, 432, 432, 432, 432, 432, 432, 1296, 432, 432, 432, 432, 432, 432, 432, 432, 432, 432, 432, 432, 432, 432, 432, 1296, 432, 432, 432, 1296, 432, 432, 432,  432, 432, 1296, 432, 1296, 432, 1296, 432, 432, 432, 1296, 432, 432, 432, 1296, 432,  432, 432,  432, 432, 1296, 432, 1296, 432,  432, 432,  432, 432,  432, 432, 1296, 432,  432, 432, 1296, 432,  432, 432,  432, 432, 1296, 432, 1296, 432, 1296, 432
 46,  3456,  1728, 432, 432, 432, 1296, 432, 432, 432, 432, 432, 432, 432, 432, 432, 432, 432, 432, 432, 432, 432, 432, 432, 432, 432, 432, 432, 432, 432, 1296, 432, 432, 432, 432, 432, 432, 432, 432, 432, 432, 432, 432, 432, 432, 432, 1296, 432, 432, 432, 1296, 432, 432, 432,  432, 432, 1296, 432, 1296, 432, 1296, 432, 432, 432, 1296, 432, 432, 432, 1296, 432,  432, 432,  432, 432, 1296, 432, 1296, 432,  432, 432,  432, 432,  432, 432, 1296, 432,  432, 432, 1296, 432,  432, 432,  432, 432, 1296, 432, 1296, 432, 1296, 432
 47,  3456,  1728, 432, 432, 432, 1296, 432, 432, 432, 432, 432, 432, 432, 432, 432, 432, 432, 432, 432, 432, 432, 432, 432, 432, 432, 432, 432, 432, 432, 1296, 432, 432, 432, 432, 432, 432, 432, 432, 432, 432, 432, 432, 432, 432, 432, 1296, 432, 432, 432, 1296, 432, 432, 432,  432, 432, 1296, 432, 1296, 432, 1296, 432, 432, 432, 1296, 432, 432, 432, 1296, 432,  432, 432,  432, 432, 1296, 432, 1296, 432,  432, 432,  432, 432,  432, 432, 1296, 432,  432, 432, 1296, 432,  432, 432,  432, 432, 1296, 432, 1296, 432, 1296, 432
 48,  3456,  1728, 432, 432, 432, 1296, 432, 432, 432, 432, 432, 432, 432, 432, 432, 432, 432, 432, 432, 432, 432, 432, 432, 432, 432, 432, 432, 432, 432, 1296, 432, 432, 432, 432, 432, 432, 432, 432, 432, 432, 432, 432, 432, 432, 432, 1296, 432, 432, 432, 1296, 432, 432, 432,  432, 432, 1296, 432, 1296, 432, 1296, 432, 432, 432, 1296, 432, 432, 432,  432, 432,  432, 432, 1296, 432,  432, 432,  432, 432,  432, 432,  432, 432, 1296, 432,  432, 432,  432, 432,  432, 432, 1296, 432, 1296, 432, 1296, 432, 1296, 432,  432, 432
 49,  3456,  1728, 432, 432, 432, 1296, 432, 432, 432, 432, 432, 432, 432, 432, 432, 432, 432, 432, 432, 432, 432, 432, 432, 432, 432, 432, 432, 432, 432, 1296, 432, 432, 432, 432, 432, 432, 432, 432, 432, 432, 432, 432, 432, 432, 432, 1296, 432, 432, 432, 1296, 432, 432, 432,  432, 432, 1296, 432, 1296, 432, 1296, 432, 432, 432, 1296, 432, 432, 432,  432, 432,  432, 432, 1296, 432,  432, 432,  432, 432,  432, 432,  432, 432, 1296, 432,  432, 432,  432, 432,  432, 432, 1296, 432, 1296, 432, 1296, 432, 1296, 432,  432, 432
 50,  3456,  1728, 432, 432, 432, 1296, 432, 432, 432, 432, 432, 432, 432, 432, 432, 432, 432, 432, 432, 432, 432, 432, 432, 432, 432, 432, 432, 432, 432, 1296, 432, 432, 432, 432, 432, 432, 432, 432, 432, 432, 432, 432, 432, 432, 432, 1296, 432, 432, 432, 1296, 432, 432, 432,  432, 432, 1296, 432, 1296, 432, 1296, 432, 432, 432, 1296, 432, 432, 432,  432, 432,  432, 432, 1296, 432,  432, 432,  432, 432,  432, 432,  432, 432, 1296, 432,  432, 432,  432, 432,  432, 432, 1296, 432, 1296, 432, 1296, 432, 1296, 432,  432, 432
 51,  3456,  1728, 432, 432, 432, 1296, 432, 432, 432, 432, 432, 432, 432, 432, 432, 432, 432, 432, 432, 432, 432, 432, 432, 432, 432, 432, 432, 432, 432, 1296, 432, 432, 432, 432, 432, 432, 432, 432, 432, 432, 432, 432, 432, 432, 432, 1296, 432, 432, 432, 1296, 432, 432, 432, 1296, 432,  432, 432, 1296, 432,  432, 432, 432, 432, 1296, 432, 432, 432,  432, 432, 1296, 432, 1296, 432, 1296, 432, 1296, 432, 1296, 432, 1296, 432, 1296, 432,  432, 432,  432, 432, 1296, 432,  432, 432, 1296, 432,  432, 432,  432, 432,  432, 432
 52,  3456,  1728, 432, 432, 432, 1296, 432, 432, 432, 432, 432, 432, 432, 432, 432, 432, 432, 432, 432, 432, 432, 432, 432, 432, 432, 432, 432, 432, 432, 1296, 432, 432, 432, 432, 432, 432, 432, 432, 432, 432, 432, 432, 432, 432, 432, 1296, 432, 432, 432, 1296, 432, 432, 432, 1296, 432,  432, 432, 1296, 432,  432, 432, 432, 432, 1296, 432, 432, 432,  432, 432, 1296, 432, 1296, 432, 1296, 432, 1296, 432, 1296, 432, 1296, 432, 1296, 432,  432, 432,  432, 432, 1296, 432,  432, 432, 1296, 432,  432, 432,  432, 432,  432, 432
 53,  3456,  1728, 432, 432, 432, 1296, 432, 432, 432, 432, 432, 432, 432, 432, 432, 432, 432, 432, 432, 432, 432, 432, 432, 432, 432, 432, 432, 432, 432, 1296, 432, 432, 432, 432, 432, 432, 432, 432, 432, 432, 432, 432, 432, 432, 432, 1296, 432, 432, 432, 1296, 432, 432, 432, 1296, 432,  432, 432, 1296, 432,  432, 432, 432, 432, 1296, 432, 432, 432,  432, 432, 1296, 432, 1296, 432, 1296, 432, 1296, 432, 1296, 432, 1296, 432, 1296, 432,  432, 432,  432, 432, 1296, 432,  432, 432, 1296, 432,  432, 432,  432, 432,  432, 432
 54,  3456,  1728, 432, 432, 432, 1296, 432, 432, 432, 432, 432, 432, 432, 432, 432, 432, 432, 432, 432, 432, 432, 432, 432, 432, 432, 432, 432, 432, 432, 1296, 432, 432, 432, 432, 432, 432, 432, 432, 432, 432, 432, 432, 432, 432, 432, 1296, 432, 432, 432, 1296, 432, 432, 432,  432, 432,  432, 432,  432, 432,  432, 432, 432, 432, 1296, 432, 432, 432,  432, 432,  432, 432,  432, 432,  432, 432,  432, 432, 1296, 432,  432, 432,  432, 432,  432, 432,  432, 432,  432, 432,  432, 432,  432, 432,  432, 432, 1296, 432, 1296, 432
 55,  3456,  1728, 432, 432, 432, 1296, 432, 432, 432, 432, 432, 432, 432, 432, 432, 432, 432, 432, 432, 432, 432, 432, 432, 432, 432, 432, 432, 432, 432, 1296, 432, 432, 432, 432, 432, 432, 432, 432, 432, 432, 432, 432, 432, 432, 432, 1296, 432, 432, 432, 1296, 432, 432, 432,  432, 432,  432, 432,  432, 432,  432, 432, 432, 432, 1296, 432, 432, 432,  432, 432,  432, 432,  432, 432,  432, 432,  432, 432, 1296, 432,  432, 432,  432, 432,  432, 432,  432, 432,  432, 432,  432, 432,  432, 432,  432, 432, 1296, 432, 1296, 432
 56,  3456,  1728, 432, 432, 432, 1296, 432, 432, 432, 432, 432, 432, 432, 432, 432, 432, 432, 432, 432, 432, 432, 432, 432, 432, 432, 432, 432, 432, 432, 1296, 432, 432, 432, 432, 432, 432, 432, 432, 432, 432, 432, 432, 432, 432, 432, 1296, 432, 432, 432, 1296, 432, 432, 432,  432, 432,  432, 432,  432, 432,  432, 432, 432, 432, 1296, 432, 432, 432,  432, 432,  432, 432,  432, 432,  432, 432,  432, 432, 1296, 432,  432, 432,  432, 432,  432, 432,  432, 432,  432, 432,  432, 432,  432, 432,  432, 432, 1296, 432, 1296, 432
 57,  3456,  1728, 432, 432, 432, 1296, 432, 432, 432, 432, 432, 432, 432, 432, 432, 432, 432, 432, 432, 432, 432, 432, 432, 432, 432, 432, 432, 432, 432, 1296, 432, 432, 432, 432, 432, 432, 432, 432, 432, 432, 432, 432, 432, 432, 432, 1296, 432, 432, 432, 1296, 432, 432, 432,  432, 432,  432, 432,  432, 432,  432, 432, 432, 432, 1296, 432, 432, 432, 1296, 432,  432, 432,  432, 432,  432, 432,  432, 432, 1296, 432,  432, 432,  432, 432, 1296, 432,  432, 432,  432, 432,  432, 432,  432, 432,  432, 432, 1296, 432, 1296, 432
 58,  3456,  1728, 432, 432, 432, 1296, 432, 432, 432, 432, 432, 432, 432, 432, 432, 432, 432, 432, 432, 432, 432, 432, 432, 432, 432, 432, 432, 432, 432, 1296, 432, 432, 432, 432, 432, 432, 432, 432, 432, 432, 432, 432, 432, 432, 432, 1296, 432, 432, 432, 1296, 432, 432, 432,  432, 432,  432, 432,  432, 432,  432, 432, 432, 432, 1296, 432, 432, 432, 1296, 432,  432, 432,  432, 432,  432, 432,  432, 432, 1296, 432,  432, 432,  432, 432, 1296, 432,  432, 432,  432, 432,  432, 432,  432, 432,  432, 432, 1296, 432, 1296, 432
 59,  3456,  1728, 432, 432, 432, 1296, 432, 432, 432, 432, 432, 432, 432, 432, 432, 432, 432, 432, 432, 432, 432, 432, 432, 432, 432, 432, 432, 432, 432, 1296, 432, 432, 432, 432, 432, 432, 432, 432, 432, 432, 432, 432, 432, 432, 432, 1296, 432, 432, 432, 1296, 432, 432, 432,  432, 432,  432, 432,  432, 432,  432, 432, 432, 432, 1296, 432, 432, 432, 1296, 432,  432, 432,  432, 432,  432, 432,  432, 432, 1296, 432,  432, 432,  432, 432, 1296, 432,  432, 432,  432, 432,  432, 432,  432, 432,  432, 432, 1296, 432, 1296, 432
 60,  3456,  1728, 432, 432, 432, 1296, 432, 432, 432, 432, 432, 432, 432, 432, 432, 432, 432, 432, 432, 432, 432, 432, 432, 432, 432, 432, 432, 432, 432, 1296, 432, 432, 432, 432, 432, 432, 432, 432, 432, 432, 432, 432, 432, 432, 432, 1296, 432, 432, 432, 1296, 432, 432, 432,  432, 432,  432, 432,  432, 432,  432, 432, 432, 432, 1296, 432, 432, 432,  432, 432, 1296, 432,  432, 432,  432, 432, 1296, 432, 1296, 432,  432, 432,  432, 432,  432, 432, 1296, 432,  432, 432,  432, 432, 1296, 432,  432, 432, 1296, 432, 1296, 432
 61,  3456,  1728, 432, 432, 432, 1296, 432, 432, 432, 432, 432, 432, 432, 432, 432, 432, 432, 432, 432, 432, 432, 432, 432, 432, 432, 432, 432, 432, 432, 1296, 432, 432, 432, 432, 432, 432, 432, 432, 432, 432, 432, 432, 432, 432, 432, 1296, 432, 432, 432, 1296, 432, 432, 432,  432, 432,  432, 432,  432, 432,  432, 432, 432, 432, 1296, 432, 432, 432,  432, 432, 1296, 432,  432, 432,  432, 432, 1296, 432, 1296, 432,  432, 432,  432, 432,  432, 432, 1296, 432,  432, 432,  432, 432, 1296, 432,  432, 432, 1296, 432, 1296, 432
 62,  3456,  1728, 432, 432, 432, 1296, 432, 432, 432, 432, 432, 432, 432, 432, 432, 432, 432, 432, 432, 432, 432, 432, 432, 432, 432, 432, 432, 432, 432, 1296, 432, 432, 432, 432, 432, 432, 432, 432, 432, 432, 432, 432, 432, 432, 432, 1296, 432, 432, 432, 1296, 432, 432, 432,  432, 432,  432, 432,  432, 432,  432, 432, 432, 432, 1296, 432, 432, 432,  432, 432, 1296, 432,  432, 432,  432, 432, 1296, 432, 1296, 432,  432, 432,  432, 432,  432, 432, 1296, 432,  432, 432,  432, 432, 1296, 432,  432, 432, 1296, 432, 1296, 432
 63,  3456,  1728, 432, 432, 432, 1296, 432, 432, 432, 432, 432, 432, 432, 432, 432, 432, 432, 432, 432, 432, 432, 432, 432, 432, 432, 432, 432, 432, 432, 1296, 432, 432, 432, 432, 432, 432, 432, 432, 432, 432, 432, 432, 432, 432, 432, 1296, 432, 432, 432, 1296, 432, 432, 432, 1296, 432,  432, 432, 1296, 432,  432, 432, 432, 432, 1296, 432, 432, 432,  432, 432, 1296, 432,  432, 432, 1296, 432,  432, 432,  432, 432,  432, 432, 1296, 432,  432, 432,  432, 432,  432, 432,  432, 432,  432, 432, 1296, 432, 1296, 432,  432, 432
 64,  3456,  1728, 432, 432, 432, 1296, 432, 432, 432, 432, 432, 432, 432, 432, 432, 432, 432, 432, 432, 432, 432, 432, 432, 432, 432, 432, 432, 432, 432, 1296, 432, 432, 432, 432, 432, 432, 432, 432, 432, 432, 432, 432, 432, 432, 432, 1296, 432, 432, 432, 1296, 432, 432, 432, 1296, 432,  432, 432, 1296, 432,  432, 432, 432, 432, 1296, 432, 432, 432,  432, 432, 1296, 432,  432, 432, 1296, 432,  432, 432,  432, 432,  432, 432, 1296, 432,  432, 432,  432, 432,  432, 432,  432, 432,  432, 432, 1296, 432, 1296, 432,  432, 432
 65,  3456,  1728, 432, 432, 432, 1296, 432, 432, 432, 432, 432, 432, 432, 432, 432, 432, 432, 432, 432, 432, 432, 432, 432, 432, 432, 432, 432, 432, 432, 1296, 432, 432, 432, 432, 432, 432, 432, 432, 432, 432, 432, 432, 432, 432, 432, 1296, 432, 432, 432, 1296, 432, 432, 432, 1296, 432,  432, 432, 1296, 432,  432, 432, 432, 432, 1296, 432, 432, 432,  432, 432, 1296, 432,  432, 432, 1296, 432,  432, 432,  432, 432,  432, 432, 1296, 432,  432, 432,  432, 432,  432, 432,  432, 432,  432, 432, 1296, 432, 1296, 432,  432, 432
 66,  3456,  1728, 432, 432, 432, 1296, 432, 432, 432, 432, 432, 432, 432, 432, 432, 432, 432, 432, 432, 432, 432, 432, 432, 432, 432, 432, 432, 432, 432, 1296, 432, 432, 432, 432, 432, 432, 432, 432, 432, 432, 432, 432, 432, 432, 432, 1296, 432, 432, 432, 1296, 432, 432, 432,  432, 432, 1296, 432, 1296, 432, 1296, 432, 432, 432, 1296, 432, 432, 432, 1296, 432, 1296, 432, 1296, 432,  432, 432,  432, 432,  432, 432, 1296, 432,  432, 432, 1296, 432, 1296, 432,  432, 432, 1296, 432, 1296, 432, 1296, 432,  432, 432, 1296, 432
 67,  3456,  1728, 432, 432, 432, 1296, 432, 432, 432, 432, 432, 432, 432, 432, 432, 432, 432, 432, 432, 432, 432, 432, 432, 432, 432, 432, 432, 432, 432, 1296, 432, 432, 432, 432, 432, 432, 432, 432, 432, 432, 432, 432, 432, 432, 432, 1296, 432, 432, 432, 1296, 432, 432, 432,  432, 432, 1296, 432, 1296, 432, 1296, 432, 432, 432, 1296, 432, 432, 432, 1296, 432, 1296, 432, 1296, 432,  432, 432,  432, 432,  432, 432, 1296, 432,  432, 432, 1296, 432, 1296, 432,  432, 432, 1296, 432, 1296, 432, 1296, 432,  432, 432, 1296, 432
 68,  3456,  1728, 432, 432, 432, 1296, 432, 432, 432, 432, 432, 432, 432, 432, 432, 432, 432, 432, 432, 432, 432, 432, 432, 432, 432, 432, 432, 432, 432, 1296, 432, 432, 432, 432, 432, 432, 432, 432, 432, 432, 432, 432, 432, 432, 432, 1296, 432, 432, 432, 1296, 432, 432, 432,  432, 432, 1296, 432, 1296, 432, 1296, 432, 432, 432, 1296, 432, 432, 432, 1296, 432, 1296, 432, 1296, 432,  432, 432,  432, 432,  432, 432, 1296, 432,  432, 432, 1296, 432, 1296, 432,  432, 432, 1296, 432, 1296, 432, 1296, 432,  432, 432, 1296, 432
 69,  3456,  1728, 432, 432, 432, 1296, 432, 432, 432, 432, 432, 432, 432, 432, 432, 432, 432, 432, 432, 432, 432, 432, 432, 432, 432, 432, 432, 432, 432, 1296, 432, 432, 432, 432, 432, 432, 432, 432, 432, 432, 432, 432, 432, 432, 432, 1296, 432, 432, 432, 1296, 432, 432, 432,  432, 432, 1296, 432, 1296, 432, 1296, 432, 432, 432, 1296, 432, 432, 432, 1296, 432, 1296, 432,  432, 432, 1296, 432, 1296, 432, 1296, 432,  432, 432, 1296, 432, 1296, 432, 1296, 432, 1296, 432,  432, 432,  432, 432,  432, 432, 1296, 432,  432, 432
 70,  3456,  1728, 432, 432, 432, 1296, 432, 432, 432, 432, 432, 432, 432, 432, 432, 432, 432, 432, 432, 432, 432, 432, 432, 432, 432, 432, 432, 432, 432, 1296, 432, 432, 432, 432, 432, 432, 432, 432, 432, 432, 432, 432, 432, 432, 432, 1296, 432, 432, 432, 1296, 432, 432, 432,  432, 432, 1296, 432, 1296, 432, 1296, 432, 432, 432, 1296, 432, 432, 432, 1296, 432, 1296, 432,  432, 432, 1296, 432, 1296, 432, 1296, 432,  432, 432, 1296, 432, 1296, 432, 1296, 432, 1296, 432,  432, 432,  432, 432,  432, 432, 1296, 432,  432, 432
 71,  3456,  1728, 432, 432, 432, 1296, 432, 432, 432, 432, 432, 432, 432, 432, 432, 432, 432, 432, 432, 432, 432, 432, 432, 432, 432, 432, 432, 432, 432, 1296, 432, 432, 432, 432, 432, 432, 432, 432, 432, 432, 432, 432, 432, 432, 432, 1296, 432, 432, 432, 1296, 432, 432, 432,  432, 432, 1296, 432, 1296, 432, 1296, 432, 432, 432, 1296, 432, 432, 432, 1296, 432, 1296, 432,  432, 432, 1296, 432, 1296, 432, 1296, 432,  432, 432, 1296, 432, 1296, 432, 1296, 432, 1296, 432,  432, 432,  432, 432,  432, 432, 1296, 432,  432, 432
 72,  3456,  1728, 432, 432, 432, 1296, 432, 432, 432, 432, 432, 432, 432, 432, 432, 432, 432, 432, 432, 432, 432, 432, 432, 432, 432, 432, 432, 432, 432, 1296, 432, 432, 432, 432, 432, 432, 432, 432, 432, 432, 432, 432, 432, 432, 432, 1296, 432, 432, 432, 1296, 432, 432, 432,  432, 432, 1296, 432, 1296, 432, 1296, 432, 432, 432, 1296, 432, 432, 432, 1296, 432, 1296, 432,  432, 432, 1296, 432,  432, 432,  432, 432, 1296, 432, 1296, 432, 1296, 432, 1296, 432, 1296, 432,  432, 432, 1296, 432, 1296, 432,  432, 432,  432, 432
 73,  3456,  1728, 432, 432, 432, 1296, 432, 432, 432, 432, 432, 432, 432, 432, 432, 432, 432, 432, 432, 432, 432, 432, 432, 432, 432, 432, 432, 432, 432, 1296, 432, 432, 432, 432, 432, 432, 432, 432, 432, 432, 432, 432, 432, 432, 432, 1296, 432, 432, 432, 1296, 432, 432, 432,  432, 432, 1296, 432, 1296, 432, 1296, 432, 432, 432, 1296, 432, 432, 432, 1296, 432, 1296, 432,  432, 432, 1296, 432,  432, 432,  432, 432, 1296, 432, 1296, 432, 1296, 432, 1296, 432, 1296, 432,  432, 432, 1296, 432, 1296, 432,  432, 432,  432, 432
 74,  3456,  1728, 432, 432, 432, 1296, 432, 432, 432, 432, 432, 432, 432, 432, 432, 432, 432, 432, 432, 432, 432, 432, 432, 432, 432, 432, 432, 432, 432, 1296, 432, 432, 432, 432, 432, 432, 432, 432, 432, 432, 432, 432, 432, 432, 432, 1296, 432, 432, 432, 1296, 432, 432, 432,  432, 432, 1296, 432, 1296, 432, 1296, 432, 432, 432, 1296, 432, 432, 432, 1296, 432, 1296, 432,  432, 432, 1296, 432,  432, 432,  432, 432, 1296, 432, 1296, 432, 1296, 432, 1296, 432, 1296, 432,  432, 432, 1296, 432, 1296, 432,  432, 432,  432, 432
 75,  3456,  1728, 432, 432, 432, 1296, 432, 432, 432, 432, 432, 432, 432, 432, 432, 432, 432, 432, 432, 432, 432, 432, 432, 432, 432, 432, 432, 432, 432, 1296, 432, 432, 432, 432, 432, 432, 432, 432, 432, 432, 432, 432, 432, 432, 432, 1296, 432, 432, 432, 1296, 432, 432, 432, 1296, 432,  432, 432, 1296, 432,  432, 432, 432, 432, 1296, 432, 432, 432,  432, 432, 1296, 432,  432, 432, 1296, 432,  432, 432,  432, 432,  432, 432,  432, 432,  432, 432,  432, 432,  432, 432,  432, 432,  432, 432, 1296, 432, 1296, 432, 1296, 432
 76,  3456,  1728, 432, 432, 432, 1296, 432, 432, 432, 432, 432, 432, 432, 432, 432, 432, 432, 432, 432, 432, 432, 432, 432, 432, 432, 432, 432, 432, 432, 1296, 432, 432, 432, 432, 432, 432, 432, 432, 432, 432, 432, 432, 432, 432, 432, 1296, 432, 432, 432, 1296, 432, 432, 432, 1296, 432,  432, 432, 1296, 432,  432, 432, 432, 432, 1296, 432, 432, 432,  432, 432, 1296, 432,  432, 432, 1296, 432,  432, 432,  432, 432,  432, 432,  432, 432,  432, 432,  432, 432,  432, 432,  432, 432,  432, 432, 1296, 432, 1296, 432, 1296, 432
 77,  3456,  1728, 432, 432, 432, 1296, 432, 432, 432, 432, 432, 432, 432, 432, 432, 432, 432, 432, 432, 432, 432, 432, 432, 432, 432, 432, 432, 432, 432, 1296, 432, 432, 432, 432, 432, 432, 432, 432, 432, 432, 432, 432, 432, 432, 432, 1296, 432, 432, 432, 1296, 432, 432, 432, 1296, 432,  432, 432, 1296, 432,  432, 432, 432, 432, 1296, 432, 432, 432,  432, 432, 1296, 432,  432, 432, 1296, 432,  432, 432,  432, 432,  432, 432,  432, 432,  432, 432,  432, 432,  432, 432,  432, 432,  432, 432, 1296, 432, 1296, 432, 1296, 432
 78,  3456,  1728, 432, 432, 432, 1296, 432, 432, 432, 432, 432, 432, 432, 432, 432, 432, 432, 432, 432, 432, 432, 432, 432, 432, 432, 432, 432, 432, 432, 1296, 432, 432, 432, 432, 432, 432, 432, 432, 432, 432, 432, 432, 432, 432, 432, 1296, 432, 432, 432, 1296, 432, 432, 432,  432, 432,  432, 432,  432, 432,  432, 432, 432, 432, 1296, 432, 432, 432,  432, 432, 1296, 432,  432, 432, 1296, 432, 1296, 432,  432, 432,  432, 432, 1296, 432,  432, 432, 1296, 432,  432, 432, 1296, 432, 1296, 432, 1296, 432, 1296, 432,  432, 432
 79,  3456,  1728, 432, 432, 432, 1296, 432, 432, 432, 432, 432, 432, 432, 432, 432, 432, 432, 432, 432, 432, 432, 432, 432, 432, 432, 432, 432, 432, 432, 1296, 432, 432, 432, 432, 432, 432, 432, 432, 432, 432, 432, 432, 432, 432, 432, 1296, 432, 432, 432, 1296, 432, 432, 432,  432, 432,  432, 432,  432, 432,  432, 432, 432, 432, 1296, 432, 432, 432,  432, 432, 1296, 432,  432, 432, 1296, 432, 1296, 432,  432, 432,  432, 432, 1296, 432,  432, 432, 1296, 432,  432, 432, 1296, 432, 1296, 432, 1296, 432, 1296, 432,  432, 432
 80,  3456,  1728, 432, 432, 432, 1296, 432, 432, 432, 432, 432, 432, 432, 432, 432, 432, 432, 432, 432, 432, 432, 432, 432, 432, 432, 432, 432, 432, 432, 1296, 432, 432, 432, 432, 432, 432, 432, 432, 432, 432, 432, 432, 432, 432, 432, 1296, 432, 432, 432, 1296, 432, 432, 432,  432, 432,  432, 432,  432, 432,  432, 432, 432, 432, 1296, 432, 432, 432,  432, 432, 1296, 432,  432, 432, 1296, 432, 1296, 432,  432, 432,  432, 432, 1296, 432,  432, 432, 1296, 432,  432, 432, 1296, 432, 1296, 432, 1296, 432, 1296, 432,  432, 432
 81,  3456,  1728, 432, 432, 432, 1296, 432, 432, 432, 432, 432, 432, 432, 432, 432, 432, 432, 432, 432, 432, 432, 432, 432, 432, 432, 432, 432, 432, 432, 1296, 432, 432, 432, 432, 432, 432, 432, 432, 432, 432, 432, 432, 432, 432, 432, 1296, 432, 432, 432, 1296, 432, 432, 432,  432, 432, 1296, 432, 1296, 432, 1296, 432, 432, 432, 1296, 432, 432, 432, 1296, 432,  432, 432,  432, 432, 1296, 432,  432, 432,  432, 432, 1296, 432,  432, 432, 1296, 432,  432, 432, 1296, 432,  432, 432, 1296, 432, 1296, 432,  432, 432, 1296, 432
 82,  3456,  1728, 432, 432, 432, 1296, 432, 432, 432, 432, 432, 432, 432, 432, 432, 432, 432, 432, 432, 432, 432, 432, 432, 432, 432, 432, 432, 432, 432, 1296, 432, 432, 432, 432, 432, 432, 432, 432, 432, 432, 432, 432, 432, 432, 432, 1296, 432, 432, 432, 1296, 432, 432, 432,  432, 432, 1296, 432, 1296, 432, 1296, 432, 432, 432, 1296, 432, 432, 432, 1296, 432,  432, 432,  432, 432, 1296, 432,  432, 432,  432, 432, 1296, 432,  432, 432, 1296, 432,  432, 432, 1296, 432,  432, 432, 1296, 432, 1296, 432,  432, 432, 1296, 432
 83,  3456,  1728, 432, 432, 432, 1296, 432, 432, 432, 432, 432, 432, 432, 432, 432, 432, 432, 432, 432, 432, 432, 432, 432, 432, 432, 432, 432, 432, 432, 1296, 432, 432, 432, 432, 432, 432, 432, 432, 432, 432, 432, 432, 432, 432, 432, 1296, 432, 432, 432, 1296, 432, 432, 432,  432, 432, 1296, 432, 1296, 432, 1296, 432, 432, 432, 1296, 432, 432, 432, 1296, 432,  432, 432,  432, 432, 1296, 432,  432, 432,  432, 432, 1296, 432,  432, 432, 1296, 432,  432, 432, 1296, 432,  432, 432, 1296, 432, 1296, 432,  432, 432, 1296, 432
 84,  3456,  1728, 432, 432, 432, 1296, 432, 432, 432, 432, 432, 432, 432, 432, 432, 432, 432, 432, 432, 432, 432, 432, 432, 432, 432, 432, 432, 432, 432, 1296, 432, 432, 432, 432, 432, 432, 432, 432, 432, 432, 432, 432, 432, 432, 432, 1296, 432, 432, 432, 1296, 432, 432, 432,  432, 432, 1296, 432,  432, 432,  432, 432, 432, 432, 1296, 432, 432, 432,  432, 432,  432, 432, 1296, 432,  432, 432,  432, 432, 1296, 432,  432, 432, 1296, 432,  432, 432,  432, 432,  432, 432,  432, 432,  432, 432,  432, 432, 1296, 432,  432, 432
 85,  3456,  1728, 432, 432, 432, 1296, 432, 432, 432, 432, 432, 432, 432, 432, 432, 432, 432, 432, 432, 432, 432, 432, 432, 432, 432, 432, 432, 432, 432, 1296, 432, 432, 432, 432, 432, 432, 432, 432, 432, 432, 432, 432, 432, 432, 432, 1296, 432, 432, 432, 1296, 432, 432, 432,  432, 432, 1296, 432,  432, 432,  432, 432, 432, 432, 1296, 432, 432, 432,  432, 432,  432, 432, 1296, 432,  432, 432,  432, 432, 1296, 432,  432, 432, 1296, 432,  432, 432,  432, 432,  432, 432,  432, 432,  432, 432,  432, 432, 1296, 432,  432, 432
 86,  3456,  1728, 432, 432, 432, 1296, 432, 432, 432, 432, 432, 432, 432, 432, 432, 432, 432, 432, 432, 432, 432, 432, 432, 432, 432, 432, 432, 432, 432, 1296, 432, 432, 432, 432, 432, 432, 432, 432, 432, 432, 432, 432, 432, 432, 432, 1296, 432, 432, 432, 1296, 432, 432, 432,  432, 432, 1296, 432,  432, 432,  432, 432, 432, 432, 1296, 432, 432, 432,  432, 432,  432, 432, 1296, 432,  432, 432,  432, 432, 1296, 432,  432, 432, 1296, 432,  432, 432,  432, 432,  432, 432,  432, 432,  432, 432,  432, 432, 1296, 432,  432, 432
 87,  3456,  1728, 432, 432, 432, 1296, 432, 432, 432, 432, 432, 432, 432, 432, 432, 432, 432, 432, 432, 432, 432, 432, 432, 432, 432, 432, 432, 432, 432, 1296, 432, 432, 432, 432, 432, 432, 432, 432, 432, 432, 432, 432, 432, 432, 432, 1296, 432, 432, 432, 1296, 432, 432, 432,  432, 432, 1296, 432, 1296, 432, 1296, 432, 432, 432, 1296, 432, 432, 432,  432, 432, 1296, 432,  432, 432, 1296, 432,  432, 432,  432, 432, 1296, 432,  432, 432,  432, 432, 1296, 432, 1296, 432,  432, 432, 1296, 432, 1296, 432,  432, 432, 1296, 432
 88,  3456,  1728, 432, 432, 432, 1296, 432, 432, 432, 432, 432, 432, 432, 432, 432, 432, 432, 432, 432, 432, 432, 432, 432, 432, 432, 432, 432, 432, 432, 1296, 432, 432, 432, 432, 432, 432, 432, 432, 432, 432, 432, 432, 432, 432, 432, 1296, 432, 432, 432, 1296, 432, 432, 432,  432, 432, 1296, 432, 1296, 432, 1296, 432, 432, 432, 1296, 432, 432, 432,  432, 432, 1296, 432,  432, 432, 1296, 432,  432, 432,  432, 432, 1296, 432,  432, 432,  432, 432, 1296, 432, 1296, 432,  432, 432, 1296, 432, 1296, 432,  432, 432, 1296, 432
 89,  3456,  1728, 432, 432, 432, 1296, 432, 432, 432, 432, 432, 432, 432, 432, 432, 432, 432, 432, 432, 432, 432, 432, 432, 432, 432, 432, 432, 432, 432, 1296, 432, 432, 432, 432, 432, 432, 432, 432, 432, 432, 432, 432, 432, 432, 432, 1296, 432, 432, 432, 1296, 432, 432, 432,  432, 432, 1296, 432, 1296, 432, 1296, 432, 432, 432, 1296, 432, 432, 432,  432, 432, 1296, 432,  432, 432, 1296, 432,  432, 432,  432, 432, 1296, 432,  432, 432,  432, 432, 1296, 432, 1296, 432,  432, 432, 1296, 432, 1296, 432,  432, 432, 1296, 432
 90,  3456,  1728, 432, 432, 432, 1296, 432, 432, 432, 432, 432, 432, 432, 432, 432, 432, 432, 432, 432, 432, 432, 432, 432, 432, 432, 432, 432, 432, 432, 1296, 432, 432, 432, 432, 432, 432, 432, 432, 432, 432, 432, 432, 432, 432, 432, 1296, 432, 432, 432, 1296, 432, 432, 432,  432, 432, 1296, 432, 1296, 432, 1296, 432, 432, 432, 1296, 432, 432, 432,  432, 432,  432, 432,  432, 432,  432, 432,  432, 432,  432, 432,  432, 432,  432, 432,  432, 432,  432, 432, 1296, 432, 1296, 432, 1296, 432, 1296, 432, 1296, 432, 1296, 432
 91,  3456,  1728, 432, 432, 432, 1296, 432, 432, 432, 432, 432, 432, 432, 432, 432, 432, 432, 432, 432, 432, 432, 432, 432, 432, 432, 432, 432, 432, 432, 1296, 432, 432, 432, 432, 432, 432, 432, 432, 432, 432, 432, 432, 432, 432, 432, 1296, 432, 432, 432, 1296, 432, 432, 432,  432, 432, 1296, 432, 1296, 432, 1296, 432, 432, 432, 1296, 432, 432, 432,  432, 432,  432, 432,  432, 432,  432, 432,  432, 432,  432, 432,  432, 432,  432, 432,  432, 432,  432, 432, 1296, 432, 1296, 432, 1296, 432, 1296, 432, 1296, 432, 1296, 432
 92,  3456,  1728, 432, 432, 432, 1296, 432, 432, 432, 432, 432, 432, 432, 432, 432, 432, 432, 432, 432, 432, 432, 432, 432, 432, 432, 432, 432, 432, 432, 1296, 432, 432, 432, 432, 432, 432, 432, 432, 432, 432, 432, 432, 432, 432, 432, 1296, 432, 432, 432, 1296, 432, 432, 432,  432, 432, 1296, 432, 1296, 432, 1296, 432, 432, 432, 1296, 432, 432, 432,  432, 432,  432, 432,  432, 432,  432, 432,  432, 432,  432, 432,  432, 432,  432, 432,  432, 432,  432, 432, 1296, 432, 1296, 432, 1296, 432, 1296, 432, 1296, 432, 1296, 432
 93,  3456,  1728, 432, 432, 432, 1296, 432, 432, 432, 432, 432, 432, 432, 432, 432, 432, 432, 432, 432, 432, 432, 432, 432, 432, 432, 432, 432, 432, 432, 1296, 432, 432, 432, 432, 432, 432, 432, 432, 432, 432, 432, 432, 432, 432, 432, 1296, 432, 432, 432, 1296, 432, 432, 432,  432, 432, 1296, 432, 1296, 432, 1296, 432, 432, 432, 1296, 432, 432, 432,  432, 432, 1296, 432, 1296, 432, 1296, 432,  432, 432,  432, 432, 1296, 432, 1296, 432,  432, 432, 1296, 432,  432, 432,  432, 432, 1296, 432, 1296, 432,  432, 432,  432, 432
 94,  3456,  1728, 432, 432, 432, 1296, 432, 432, 432, 432, 432, 432, 432, 432, 432, 432, 432, 432, 432, 432, 432, 432, 432, 432, 432, 432, 432, 432, 432, 1296, 432, 432, 432, 432, 432, 432, 432, 432, 432, 432, 432, 432, 432, 432, 432, 1296, 432, 432, 432, 1296, 432, 432, 432,  432, 432, 1296, 432, 1296, 432, 1296, 432, 432, 432, 1296, 432, 432, 432,  432, 432, 1296, 432, 1296, 432, 1296, 432,  432, 432,  432, 432, 1296, 432, 1296, 432,  432, 432, 1296, 432,  432, 432,  432, 432, 1296, 432, 1296, 432,  432, 432,  432, 432
 95,  3456,  1728, 432, 432, 432, 1296, 432, 432, 432, 432, 432, 432, 432, 432, 432, 432, 432, 432, 432, 432, 432, 432, 432, 432, 432, 432, 432, 432, 432, 1296, 432, 432, 432, 432, 432, 432, 432, 432, 432, 432, 432, 432, 432, 432, 432, 1296, 432, 432, 432, 1296, 432, 432, 432,  432, 432, 1296, 432, 1296, 432, 1296, 432, 432, 432, 1296, 432, 432, 432,  432, 432, 1296, 432, 1296, 432, 1296, 432,  432, 432,  432, 432, 1296, 432, 1296, 432,  432, 432, 1296, 432,  432, 432,  432, 432, 1296, 432, 1296, 432,  432, 432,  432, 432
 96,  3456,  1728, 432, 432, 432, 1296, 432, 432, 432, 432, 432, 432, 432, 432, 432, 432, 432, 432, 432, 432, 432, 432, 432, 432, 432, 432, 432, 432, 432, 1296, 432, 432, 432, 432, 432, 432, 432, 432, 432, 432, 432, 432, 432, 432, 432, 1296, 432, 432, 432, 1296, 432, 432, 432,  432, 432,  432, 432,  432, 432,  432, 432, 432, 432, 1296, 432, 432, 432, 1296, 432,  432, 432,  432, 432, 1296, 432,  432, 432,  432, 432, 1296, 432, 1296, 432, 1296, 432,  432, 432,  432, 432, 1296, 432,  432, 432, 1296, 432,  432, 432,  432, 432
 97,  3456,  1728, 432, 432, 432, 1296, 432, 432, 432, 432, 432, 432, 432, 432, 432, 432, 432, 432, 432, 432, 432, 432, 432, 432, 432, 432, 432, 432, 432, 1296, 432, 432, 432, 432, 432, 432, 432, 432, 432, 432, 432, 432, 432, 432, 432, 1296, 432, 432, 432, 1296, 432, 432, 432,  432, 432,  432, 432,  432, 432,  432, 432, 432, 432, 1296, 432, 432, 432, 1296, 432,  432, 432,  432, 432, 1296, 432,  432, 432,  432, 432, 1296, 432, 1296, 432, 1296, 432,  432, 432,  432, 432, 1296, 432,  432, 432, 1296, 432,  432, 432,  432, 432
 98,  3456,  1728, 432, 432, 432, 1296, 432, 432, 432, 432, 432, 432, 432, 432, 432, 432, 432, 432, 432, 432, 432, 432, 432, 432, 432, 432, 432, 432, 432, 1296, 432, 432, 432, 432, 432, 432, 432, 432, 432, 432, 432, 432, 432, 432, 432, 1296, 432, 432, 432, 1296, 432, 432, 432,  432, 432,  432, 432,  432, 432,  432, 432, 432, 432, 1296, 432, 432, 432, 1296, 432,  432, 432,  432, 432, 1296, 432,  432, 432,  432, 432, 1296, 432, 1296, 432, 1296, 432,  432, 432,  432, 432, 1296, 432,  432, 432, 1296, 432,  432, 432,  432, 432
 99,  3456,  1728, 432, 432, 432, 1296, 432, 432, 432, 432, 432, 432, 432, 432, 432, 432, 432, 432, 432, 432, 432, 432, 432, 432, 432, 432, 432, 432, 432, 1296, 432, 432, 432, 432, 432, 432, 432, 432, 432, 432, 432, 432, 432, 432, 432, 1296, 432, 432, 432, 1296, 432, 432, 432,  432, 432,  432, 432,  432, 432,  432, 432, 432, 432, 1296, 432, 432, 432,  432, 432, 1296, 432,  432, 432,  432, 432,  432, 432, 1296, 432,  432, 432,  432, 432,  432, 432, 1296, 432,  432, 432,  432, 432,  432, 432,  432, 432, 1296, 432, 1296, 432
100,  3456,  1728, 432, 432, 432, 1296, 432, 432, 432, 432, 432, 432, 432, 432, 432, 432, 432, 432, 432, 432, 432, 432, 432, 432, 432, 432, 432, 432, 432, 1296, 432, 432, 432, 432, 432, 432, 432, 432, 432, 432, 432, 432, 432, 432, 432, 1296, 432, 432, 432, 1296, 432, 432, 432,  432, 432,  432, 432,  432, 432,  432, 432, 432, 432, 1296, 432, 432, 432,  432, 432, 1296, 432,  432, 432,  432, 432,  432, 432, 1296, 432,  432, 432,  432, 432,  432, 432, 1296, 432,  432, 432,  432, 432,  432, 432,  432, 432, 1296, 432, 1296, 432
101,  3456,  1728, 432, 432, 432, 1296, 432, 432, 432, 432, 432, 432, 432, 432, 432, 432, 432, 432, 432, 432, 432, 432, 432, 432, 432, 432, 432, 432, 432, 1296, 432, 432, 432, 432, 432, 432, 432, 432, 432, 432, 432, 432, 432, 432, 432, 1296, 432, 432, 432, 1296, 432, 432, 432,  432, 432,  432, 432,  432, 432,  432, 432, 432, 432, 1296, 432, 432, 432,  432, 432, 1296, 432,  432, 432,  432, 432,  432, 432, 1296, 432,  432, 432,  432, 432,  432, 432, 1296, 432,  432, 432,  432, 432,  432, 432,  432, 432, 1296, 432, 1296, 432
102,  3456,  1728, 432, 432, 432, 1296, 432, 432, 432, 432, 432, 432, 432, 432, 432, 432, 432, 432, 432, 432, 432, 432, 432, 432, 432, 432, 432, 432, 432, 1296, 432, 432, 432, 432, 432, 432, 432, 432, 432, 432, 432, 432, 432, 432, 432, 1296, 432, 432, 432, 1296, 432, 432, 432,  432, 432,  432, 432,  432, 432, 1296, 432, 432, 432, 1296, 432, 432, 432, 1296, 432, 1296, 432,  432, 432,  432, 432,  432, 432,  432, 432,  432, 432, 1296, 432, 1296, 432, 1296, 432,  432, 432,  432, 432, 1296, 432, 1296, 432, 1296, 432,  432, 432
103,  3456,  1728, 432, 432, 432, 1296, 432, 432, 432, 432, 432, 432, 432, 432, 432, 432, 432, 432, 432, 432, 432, 432, 432, 432, 432, 432, 432, 432, 432, 1296, 432, 432, 432, 432, 432, 432, 432, 432, 432, 432, 432, 432, 432, 432, 432, 1296, 432, 432, 432, 1296, 432, 432, 432,  432, 432,  432, 432,  432, 432, 1296, 432, 432, 432, 1296, 432, 432, 432, 1296, 432, 1296, 432,  432, 432,  432, 432,  432, 432,  432, 432,  432, 432, 1296, 432, 1296, 432, 1296, 432,  432, 432,  432, 432, 1296, 432, 1296, 432, 1296, 432,  432, 432
104,  3456,  1728, 432, 432, 432, 1296, 432, 432, 432, 432, 432, 432, 432, 432, 432, 432, 432, 432, 432, 432, 432, 432, 432, 432, 432, 432, 432, 432, 432, 1296, 432, 432, 432, 432, 432, 432, 432, 432, 432, 432, 432, 432, 432, 432, 432, 1296, 432, 432, 432, 1296, 432, 432, 432,  432, 432,  432, 432,  432, 432, 1296, 432, 432, 432, 1296, 432, 432, 432, 1296, 432, 1296, 432,  432, 432,  432, 432,  432, 432,  432, 432,  432, 432, 1296, 432, 1296, 432, 1296, 432,  432, 432,  432, 432, 1296, 432, 1296, 432, 1296, 432,  432, 432
105,  3456,  1728, 432, 432, 432, 1296, 432, 432, 432, 432, 432, 432, 432, 432, 432, 432, 432, 432, 432, 432, 432, 432, 432, 432, 432, 432, 432, 432, 432, 1296, 432, 432, 432, 432, 432, 432, 432, 432, 432, 432, 432, 432, 432, 432, 432, 1296, 432, 432, 432, 1296, 432, 432, 432,  432, 432,  432, 432,  432, 432,  432, 432, 432, 432, 1296, 432, 432, 432,  432, 432,  432, 432, 1296, 432,  432, 432,  432, 432, 1296, 432,  432, 432,  432, 432,  432, 432,  432, 432, 1296, 432,  432, 432,  432, 432,  432, 432, 1296, 432, 1296, 432
106,  3456,  1728, 432, 432, 432, 1296, 432, 432, 432, 432, 432, 432, 432, 432, 432, 432, 432, 432, 432, 432, 432, 432, 432, 432, 432, 432, 432, 432, 432, 1296, 432, 432, 432, 432, 432, 432, 432, 432, 432, 432, 432, 432, 432, 432, 432, 1296, 432, 432, 432, 1296, 432, 432, 432,  432, 432,  432, 432,  432, 432,  432, 432, 432, 432, 1296, 432, 432, 432,  432, 432,  432, 432, 1296, 432,  432, 432,  432, 432, 1296, 432,  432, 432,  432, 432,  432, 432,  432, 432, 1296, 432,  432, 432,  432, 432,  432, 432, 1296, 432, 1296, 432
107,  3456,  1728, 432, 432, 432, 1296, 432, 432, 432, 432, 432, 432, 432, 432, 432, 432, 432, 432, 432, 432, 432, 432, 432, 432, 432, 432, 432, 432, 432, 1296, 432, 432, 432, 432, 432, 432, 432, 432, 432, 432, 432, 432, 432, 432, 432, 1296, 432, 432, 432, 1296, 432, 432, 432,  432, 432,  432, 432,  432, 432,  432, 432, 432, 432, 1296, 432, 432, 432,  432, 432,  432, 432, 1296, 432,  432, 432,  432, 432, 1296, 432,  432, 432,  432, 432,  432, 432,  432, 432, 1296, 432,  432, 432,  432, 432,  432, 432, 1296, 432, 1296, 432
108,  3456,  1728, 432, 432, 432, 1296, 432, 432, 432, 432, 432, 432, 432, 432, 432, 432, 432, 432, 432, 432, 432, 432, 432, 432, 432, 432, 432, 432, 432, 1296, 432, 432, 432, 432, 432, 432, 432, 432, 432, 432, 432, 432, 432, 432, 432, 1296, 432, 432, 432, 1296, 432, 432, 432,  432, 432, 1296, 432, 1296, 432, 1296, 432, 432, 432, 1296, 432, 432, 432, 1296, 432, 1296, 432,  432, 432,  432, 432, 1296, 432, 1296, 432, 1296, 432, 1296, 432, 1296, 432, 1296, 432, 1296, 432, 1296, 432,  432, 432,  432, 432,  432, 432,  432, 432
109,  3456,  1728, 432, 432, 432, 1296, 432, 432, 432, 432, 432, 432, 432, 432, 432, 432, 432, 432, 432, 432, 432, 432, 432, 432, 432, 432, 432, 432, 432, 1296, 432, 432, 432, 432, 432, 432, 432, 432, 432, 432, 432, 432, 432, 432, 432, 1296, 432, 432, 432, 1296, 432, 432, 432,  432, 432, 1296, 432, 1296, 432, 1296, 432, 432, 432, 1296, 432, 432, 432, 1296, 432, 1296, 432,  432, 432,  432, 432, 1296, 432, 1296, 432, 1296, 432, 1296, 432, 1296, 432, 1296, 432, 1296, 432, 1296, 432,  432, 432,  432, 432,  432, 432,  432, 432
110,  3456,  1728, 432, 432, 432, 1296, 432, 432, 432, 432, 432, 432, 432, 432, 432, 432, 432, 432, 432, 432, 432, 432, 432, 432, 432, 432, 432, 432, 432, 1296, 432, 432, 432, 432, 432, 432, 432, 432, 432, 432, 432, 432, 432, 432, 432, 1296, 432, 432, 432, 1296, 432, 432, 432,  432, 432, 1296, 432, 1296, 432, 1296, 432, 432, 432, 1296, 432, 432, 432, 1296, 432, 1296, 432,  432, 432,  432, 432, 1296, 432, 1296, 432, 1296, 432, 1296, 432, 1296, 432, 1296, 432, 1296, 432, 1296, 432,  432, 432,  432, 432,  432, 432,  432, 432
111,  3456,  1728, 432, 432, 432, 1296, 432, 432, 432, 432, 432, 432, 432, 432, 432, 432, 432, 432, 432, 432, 432, 432, 432, 432, 432, 432, 432, 432, 432, 1296, 432, 432, 432, 432, 432, 432, 432, 432, 432, 432, 432, 432, 432, 432, 432, 1296, 432, 432, 432, 1296, 432, 432, 432,  432, 432, 1296, 432, 1296, 432, 1296, 432, 432, 432, 1296, 432, 432, 432,  432, 432, 1296, 432,  432, 432,  432, 432, 1296, 432, 1296, 432, 1296, 432, 1296, 432,  432, 432, 1296, 432, 1296, 432, 1296, 432,  432, 432,  432, 432,  432, 432,  432, 432
112,  3456,  1728, 432, 432, 432, 1296, 432, 432, 432, 432, 432, 432, 432, 432, 432, 432, 432, 432, 432, 432, 432, 432, 432, 432, 432, 432, 432, 432, 432, 1296, 432, 432, 432, 432, 432, 432, 432, 432, 432, 432, 432, 432, 432, 432, 432, 1296, 432, 432, 432, 1296, 432, 432, 432,  432, 432, 1296, 432, 1296, 432, 1296, 432, 432, 432, 1296, 432, 432, 432,  432, 432, 1296, 432,  432, 432,  432, 432, 1296, 432, 1296, 432, 1296, 432, 1296, 432,  432, 432, 1296, 432, 1296, 432, 1296, 432,  432, 432,  432, 432,  432, 432,  432, 432
113,  3456,  1728, 432, 432, 432, 1296, 432, 432, 432, 432, 432, 432, 432, 432, 432, 432, 432, 432, 432, 432, 432, 432, 432, 432, 432, 432, 432, 432, 432, 1296, 432, 432, 432, 432, 432, 432, 432, 432, 432, 432, 432, 432, 432, 432, 432, 1296, 432, 432, 432, 1296, 432, 432, 432,  432, 432, 1296, 432, 1296, 432, 1296, 432, 432, 432, 1296, 432, 432, 432,  432, 432, 1296, 432,  432, 432,  432, 432, 1296, 432, 1296, 432, 1296, 432, 1296, 432,  432, 432, 1296, 432, 1296, 432, 1296, 432,  432, 432,  432, 432,  432, 432,  432, 432
114,  3456,  1728, 432, 432, 432, 1296, 432, 432, 432, 432, 432, 432, 432, 432, 432, 432, 432, 432, 432, 432, 432, 432, 432, 432, 432, 432, 432, 432, 432, 1296, 432, 432, 432, 432, 432, 432, 432, 432, 432, 432, 432, 432, 432, 432, 432, 1296, 432, 432, 432, 1296, 432, 432, 432,  432, 432, 1296, 432, 1296, 432, 1296, 432, 432, 432, 1296, 432, 432, 432, 1296, 432,  432, 432, 1296, 432, 1296, 432, 1296, 432, 1296, 432, 1296, 432, 1296, 432, 1296, 432,  432, 432,  432, 432,  432, 432,  432, 432,  432, 432,  432, 432,  432, 432
115,  3456,  1728, 432, 432, 432, 1296, 432, 432, 432, 432, 432, 432, 432, 432, 432, 432, 432, 432, 432, 432, 432, 432, 432, 432, 432, 432, 432, 432, 432, 1296, 432, 432, 432, 432, 432, 432, 432, 432, 432, 432, 432, 432, 432, 432, 432, 1296, 432, 432, 432, 1296, 432, 432, 432,  432, 432, 1296, 432, 1296, 432, 1296, 432, 432, 432, 1296, 432, 432, 432, 1296, 432,  432, 432, 1296, 432, 1296, 432, 1296, 432, 1296, 432, 1296, 432, 1296, 432, 1296, 432,  432, 432,  432, 432,  432, 432,  432, 432,  432, 432,  432, 432,  432, 432
116,  3456,  1728, 432, 432, 432, 1296, 432, 432, 432, 432, 432, 432, 432, 432, 432, 432, 432, 432, 432, 432, 432, 432, 432, 432, 432, 432, 432, 432, 432, 1296, 432, 432, 432, 432, 432, 432, 432, 432, 432, 432, 432, 432, 432, 432, 432, 1296, 432, 432, 432, 1296, 432, 432, 432,  432, 432, 1296, 432, 1296, 432, 1296, 432, 432, 432, 1296, 432, 432, 432, 1296, 432,  432, 432, 1296, 432, 1296, 432, 1296, 432, 1296, 432, 1296, 432, 1296, 432, 1296, 432,  432, 432,  432, 432,  432, 432,  432, 432,  432, 432,  432, 432,  432, 432
117,  3456,  1728, 432, 432, 432, 1296, 432, 432, 432, 432, 432, 432, 432, 432, 432, 432, 432, 432, 432, 432, 432, 432, 432, 432, 432, 432, 432, 432, 432, 1296, 432, 432, 432, 432, 432, 432, 432, 432, 432, 432, 432, 432, 432, 432, 432, 1296, 432, 432, 432, 1296, 432, 432, 432,  432, 432, 1296, 432, 1296, 432, 1296, 432, 432, 432, 1296, 432, 432, 432,  432, 432,  432, 432, 1296, 432, 1296, 432, 1296, 432, 1296, 432, 1296, 432, 1296, 432,  432, 432,  432, 432,  432, 432,  432, 432,  432, 432,  432, 432,  432, 432,  432, 432
118,  3456,  1728, 432, 432, 432, 1296, 432, 432, 432, 432, 432, 432, 432, 432, 432, 432, 432, 432, 432, 432, 432, 432, 432, 432, 432, 432, 432, 432, 432, 1296, 432, 432, 432, 432, 432, 432, 432, 432, 432, 432, 432, 432, 432, 432, 432, 1296, 432, 432, 432, 1296, 432, 432, 432,  432, 432, 1296, 432, 1296, 432, 1296, 432, 432, 432, 1296, 432, 432, 432,  432, 432,  432, 432, 1296, 432, 1296, 432, 1296, 432, 1296, 432, 1296, 432, 1296, 432,  432, 432,  432, 432,  432, 432,  432, 432,  432, 432,  432, 432,  432, 432,  432, 432
119,  3456,  1728, 432, 432, 432, 1296, 432, 432, 432, 432, 432, 432, 432, 432, 432, 432, 432, 432, 432, 432, 432, 432, 432, 432, 432, 432, 432, 432, 432, 1296, 432, 432, 432, 432, 432, 432, 432, 432, 432, 432, 432, 432, 432, 432, 432, 1296, 432, 432, 432, 1296, 432, 432, 432,  432, 432, 1296, 432, 1296, 432, 1296, 432, 432, 432, 1296, 432, 432, 432,  432, 432,  432, 432, 1296, 432, 1296, 432, 1296, 432, 1296, 432, 1296, 432, 1296, 432,  432, 432,  432, 432,  432, 432,  432, 432,  432, 432,  432, 432,  432, 432,  432, 432
120,  3456,  1728, 432, 432, 432, 1296, 432, 432, 432, 432, 432, 432, 432, 432, 432, 432, 432, 432, 432, 432, 432, 432, 432, 432, 432, 432, 432, 432, 432, 1296, 432, 432, 432, 432, 432, 432, 432, 432, 432, 432, 432, 432, 432, 432, 432, 1296, 432, 432, 432, 1296, 432, 432, 432,  432, 432, 1296, 432, 1296, 432, 1296, 432, 432, 432, 1296, 432, 432, 432, 1296, 432, 1296, 432,  432, 432, 1296, 432, 1296, 432, 1296, 432, 1296, 432, 1296, 432, 1296, 432, 1296, 432, 1296, 432,  432, 432,  432, 432,  432, 432,  432, 432,  432, 432
121,  3456,  1728, 432, 432, 432, 1296, 432, 432, 432, 432, 432, 432, 432, 432, 432, 432, 432, 432, 432, 432, 432, 432, 432, 432, 432, 432, 432, 432, 432, 1296, 432, 432, 432, 432, 432, 432, 432, 432, 432, 432, 432, 432, 432, 432, 432, 1296, 432, 432, 432, 1296, 432, 432, 432,  432, 432, 1296, 432, 1296, 432, 1296, 432, 432, 432, 1296, 432, 432, 432, 1296, 432, 1296, 432,  432, 432, 1296, 432, 1296, 432, 1296, 432, 1296, 432, 1296, 432, 1296, 432, 1296, 432, 1296, 432,  432, 432,  432, 432,  432, 432,  432, 432,  432, 432
122,  3456,  1728, 432, 432, 432, 1296, 432, 432, 432, 432, 432, 432, 432, 432, 432, 432, 432, 432, 432, 432, 432, 432, 432, 432, 432, 432, 432, 432, 432, 1296, 432, 432, 432, 432, 432, 432, 432, 432, 432, 432, 432, 432, 432, 432, 432, 1296, 432, 432, 432, 1296, 432, 432, 432,  432, 432, 1296, 432, 1296, 432, 1296, 432, 432, 432, 1296, 432, 432, 432, 1296, 432, 1296, 432,  432, 432, 1296, 432, 1296, 432, 1296, 432, 1296, 432, 1296, 432, 1296, 432, 1296, 432, 1296, 432,  432, 432,  432, 432,  432, 432,  432, 432,  432, 432
123,  3456,  1728, 432, 432, 432, 1296, 432, 432, 432, 432, 432, 432, 432, 432, 432, 432, 432, 432, 432, 432, 432, 432, 432, 432, 432, 432, 432, 432, 432, 1296, 432, 432, 432, 432, 432, 432, 432, 432, 432, 432, 432, 432, 432, 432, 432, 1296, 432, 432, 432, 1296, 432, 432, 432,  432, 432, 1296, 432, 1296, 432, 1296, 432, 432, 432, 1296, 432, 432, 432, 1296, 432,  432, 432, 1296, 432,  432, 432, 1296, 432,  432, 432, 1296, 432,  432, 432, 1296, 432,  432, 432,  432, 432, 1296, 432,  432, 432, 1296, 432,  432, 432, 1296, 432
124,  3456,  1728, 432, 432, 432, 1296, 432, 432, 432, 432, 432, 432, 432, 432, 432, 432, 432, 432, 432, 432, 432, 432, 432, 432, 432, 432, 432, 432, 432, 1296, 432, 432, 432, 432, 432, 432, 432, 432, 432, 432, 432, 432, 432, 432, 432, 1296, 432, 432, 432, 1296, 432, 432, 432,  432, 432, 1296, 432, 1296, 432, 1296, 432, 432, 432, 1296, 432, 432, 432, 1296, 432,  432, 432, 1296, 432,  432, 432, 1296, 432,  432, 432, 1296, 432,  432, 432, 1296, 432,  432, 432,  432, 432, 1296, 432,  432, 432, 1296, 432,  432, 432, 1296, 432
125,  3456,  1728, 432, 432, 432, 1296, 432, 432, 432, 432, 432, 432, 432, 432, 432, 432, 432, 432, 432, 432, 432, 432, 432, 432, 432, 432, 432, 432, 432, 1296, 432, 432, 432, 432, 432, 432, 432, 432, 432, 432, 432, 432, 432, 432, 432, 1296, 432, 432, 432, 1296, 432, 432, 432,  432, 432, 1296, 432, 1296, 432, 1296, 432, 432, 432, 1296, 432, 432, 432, 1296, 432,  432, 432, 1296, 432,  432, 432, 1296, 432,  432, 432, 1296, 432,  432, 432, 1296, 432,  432, 432,  432, 432, 1296, 432,  432, 432, 1296, 432,  432, 432, 1296, 432
126,  3456,  1728, 432, 432, 432, 1296, 432, 432, 432, 432, 432, 432, 432, 432, 432, 432, 432, 432, 432, 432, 432, 432, 432, 432, 432, 432, 432, 432, 432, 1296, 432, 432, 432, 432, 432, 432, 432, 432, 432, 432, 432, 432, 432, 432, 432, 1296, 432, 432, 432, 1296, 432, 432, 432,  432, 432,  432, 432,  432, 432,  432, 432, 432, 432, 1296, 432, 432, 432,  432, 432,  432, 432,  432, 432,  432, 432, 1296, 432, 1296, 432,  432, 432,  432, 432,  432, 432,  432, 432,  432, 432,  432, 432, 1296, 432,  432, 432, 1296, 432, 1296, 432
127,  3456,  1728, 432, 432, 432, 1296, 432, 432, 432, 432, 432, 432, 432, 432, 432, 432, 432, 432, 432, 432, 432, 432, 432, 432, 432, 432, 432, 432, 432, 1296, 432, 432, 432, 432, 432, 432, 432, 432, 432, 432, 432, 432, 432, 432, 432, 1296, 432, 432, 432, 1296, 432, 432, 432,  432, 432,  432, 432,  432, 432,  432, 432, 432, 432, 1296, 432, 432, 432,  432, 432,  432, 432,  432, 432,  432, 432, 1296, 432, 1296, 432,  432, 432,  432, 432,  432, 432,  432, 432,  432, 432,  432, 432, 1296, 432,  432, 432, 1296, 432, 1296, 432
128,  3456,  1728, 432, 432, 432, 1296, 432, 432, 432, 432, 432, 432, 432, 432, 432, 432, 432, 432, 432, 432, 432, 432, 432, 432, 432, 432, 432, 432, 432, 1296, 432, 432, 432, 432, 432, 432, 432, 432, 432, 432, 432, 432, 432, 432, 432, 1296, 432, 432, 432, 1296, 432, 432, 432,  432, 432,  432, 432,  432, 432,  432, 432, 432, 432, 1296, 432, 432, 432,  432, 432,  432, 432,  432, 432,  432, 432, 1296, 432, 1296, 432,  432, 432,  432, 432,  432, 432,  432, 432,  432, 432,  432, 432, 1296, 432,  432, 432, 1296, 432, 1296, 432
129,  3456,  1728, 432, 432, 432, 1296, 432, 432, 432, 432, 432, 432, 432, 432, 432, 432, 432, 432, 432, 432, 432, 432, 432, 432, 432, 432, 432, 432, 432, 1296, 432, 432, 432, 432, 432, 432, 432, 432, 432, 432, 432, 432, 432, 432, 432, 1296, 432, 432, 432, 1296, 432, 432, 432,  432, 432, 1296, 432,  432, 432,  432, 432, 432, 432, 1296, 432, 432, 432, 1296, 432, 1296, 432, 1296, 432,  432, 432,  432, 432, 1296, 432,  432, 432, 1296, 432, 1296, 432, 1296, 432,  432, 432,  432, 432,  432, 432,  432, 432, 1296, 432,  432, 432
130,  3456,  1728, 432, 432, 432, 1296, 432, 432, 432, 432, 432, 432, 432, 432, 432, 432, 432, 432, 432, 432, 432, 432, 432, 432, 432, 432, 432, 432, 432, 1296, 432, 432, 432, 432, 432, 432, 432, 432, 432, 432, 432, 432, 432, 432, 432, 1296, 432, 432, 432, 1296, 432, 432, 432,  432, 432, 1296, 432,  432, 432,  432, 432, 432, 432, 1296, 432, 432, 432, 1296, 432, 1296, 432, 1296, 432,  432, 432,  432, 432, 1296, 432,  432, 432, 1296, 432, 1296, 432, 1296, 432,  432, 432,  432, 432,  432, 432,  432, 432, 1296, 432,  432, 432
131,  3456,  1728, 432, 432, 432, 1296, 432, 432, 432, 432, 432, 432, 432, 432, 432, 432, 432, 432, 432, 432, 432, 432, 432, 432, 432, 432, 432, 432, 432, 1296, 432, 432, 432, 432, 432, 432, 432, 432, 432, 432, 432, 432, 432, 432, 432, 1296, 432, 432, 432, 1296, 432, 432, 432,  432, 432, 1296, 432,  432, 432,  432, 432, 432, 432, 1296, 432, 432, 432, 1296, 432, 1296, 432, 1296, 432,  432, 432,  432, 432, 1296, 432,  432, 432, 1296, 432, 1296, 432, 1296, 432,  432, 432,  432, 432,  432, 432,  432, 432, 1296, 432,  432, 432
132,  3456,  1728, 432, 432, 432, 1296, 432, 432, 432, 432, 432, 432, 432, 432, 432, 432, 432, 432, 432, 432, 432, 432, 432, 432, 432, 432, 432, 432, 432, 1296, 432, 432, 432, 432, 432, 432, 432, 432, 432, 432, 432, 432, 432, 432, 432, 1296, 432, 432, 432, 1296, 432, 432, 432,  432, 432, 1296, 432,  432, 432,  432, 432, 432, 432, 1296, 432, 432, 432,  432, 432,  432, 432,  432, 432, 1296, 432, 1296, 432,  432, 432,  432, 432, 1296, 432,  432, 432,  432, 432, 1296, 432, 1296, 432, 1296, 432, 1296, 432, 1296, 432,  432, 432
133,  3456,  1728, 432, 432, 432, 1296, 432, 432, 432, 432, 432, 432, 432, 432, 432, 432, 432, 432, 432, 432, 432, 432, 432, 432, 432, 432, 432, 432, 432, 1296, 432, 432, 432, 432, 432, 432, 432, 432, 432, 432, 432, 432, 432, 432, 432, 1296, 432, 432, 432, 1296, 432, 432, 432,  432, 432, 1296, 432,  432, 432,  432, 432, 432, 432, 1296, 432, 432, 432,  432, 432,  432, 432,  432, 432, 1296, 432, 1296, 432,  432, 432,  432, 432, 1296, 432,  432, 432,  432, 432, 1296, 432, 1296, 432, 1296, 432, 1296, 432, 1296, 432,  432, 432
134,  3456,  1728, 432, 432, 432, 1296, 432, 432, 432, 432, 432, 432, 432, 432, 432, 432, 432, 432, 432, 432, 432, 432, 432, 432, 432, 432, 432, 432, 432, 1296, 432, 432, 432, 432, 432, 432, 432, 432, 432, 432, 432, 432, 432, 432, 432, 1296, 432, 432, 432, 1296, 432, 432, 432,  432, 432, 1296, 432,  432, 432,  432, 432, 432, 432, 1296, 432, 432, 432,  432, 432,  432, 432,  432, 432, 1296, 432, 1296, 432,  432, 432,  432, 432, 1296, 432,  432, 432,  432, 432, 1296, 432, 1296, 432, 1296, 432, 1296, 432, 1296, 432,  432, 432
135,  3456,  1728, 432, 432, 432, 1296, 432, 432, 432, 432, 432, 432, 432, 432, 432, 432, 432, 432, 432, 432, 432, 432, 432, 432, 432, 432, 432, 432, 432, 1296, 432, 432, 432, 432, 432, 432, 432, 432, 432, 432, 432, 432, 432, 432, 432, 1296, 432, 432, 432, 1296, 432, 432, 432,  432, 432, 1296, 432,  432, 432,  432, 432, 432, 432, 1296, 432, 432, 432,  432, 432,  432, 432, 1296, 432,  432, 432,  432, 432,  432, 432,  432, 432, 1296, 432,  432, 432,  432, 432,  432, 432,  432, 432,  432, 432, 1296, 432, 1296, 432,  432, 432
136,  3456,  1728, 432, 432, 432, 1296, 432, 432, 432, 432, 432, 432, 432, 432, 432, 432, 432, 432, 432, 432, 432, 432, 432, 432, 432, 432, 432, 432, 432, 1296, 432, 432, 432, 432, 432, 432, 432, 432, 432, 432, 432, 432, 432, 432, 432, 1296, 432, 432, 432, 1296, 432, 432, 432,  432, 432, 1296, 432,  432, 432,  432, 432, 432, 432, 1296, 432, 432, 432,  432, 432,  432, 432, 1296, 432,  432, 432,  432, 432,  432, 432,  432, 432, 1296, 432,  432, 432,  432, 432,  432, 432,  432, 432,  432, 432, 1296, 432, 1296, 432,  432, 432
137,  3456,  1728, 432, 432, 432, 1296, 432, 432, 432, 432, 432, 432, 432, 432, 432, 432, 432, 432, 432, 432, 432, 432, 432, 432, 432, 432, 432, 432, 432, 1296, 432, 432, 432, 432, 432, 432, 432, 432, 432, 432, 432, 432, 432, 432, 432, 1296, 432, 432, 432, 1296, 432, 432, 432,  432, 432, 1296, 432,  432, 432,  432, 432, 432, 432, 1296, 432, 432, 432,  432, 432,  432, 432, 1296, 432,  432, 432,  432, 432,  432, 432,  432, 432, 1296, 432,  432, 432,  432, 432,  432, 432,  432, 432,  432, 432, 1296, 432, 1296, 432,  432, 432
138,  3456,  1728, 432, 432, 432, 1296, 432, 432, 432, 432, 432, 432, 432, 432, 432, 432, 432, 432, 432, 432, 432, 432, 432, 432, 432, 432, 432, 432, 432, 1296, 432, 432, 432, 432, 432, 432, 432, 432, 432, 432, 432, 432, 432, 432, 432, 1296, 432, 432, 432, 1296, 432, 432, 432, 1296, 432,  432, 432,  432, 432, 1296, 432, 432, 432, 1296, 432, 432, 432, 1296, 432,  432, 432, 1296, 432,  432, 432,  432, 432,  432, 432,  432, 432, 1296, 432, 1296, 432, 1296, 432, 1296, 432,  432, 432, 1296, 432, 1296, 432, 1296, 432,  432, 432
139,  3456,  1728, 432, 432, 432, 1296, 432, 432, 432, 432, 432, 432, 432, 432, 432, 432, 432, 432, 432, 432, 432, 432, 432, 432, 432, 432, 432, 432, 432, 1296, 432, 432, 432, 432, 432, 432, 432, 432, 432, 432, 432, 432, 432, 432, 432, 1296, 432, 432, 432, 1296, 432, 432, 432, 1296, 432,  432, 432,  432, 432, 1296, 432, 432, 432, 1296, 432, 432, 432, 1296, 432,  432, 432, 1296, 432,  432, 432,  432, 432,  432, 432,  432, 432, 1296, 432, 1296, 432, 1296, 432, 1296, 432,  432, 432, 1296, 432, 1296, 432, 1296, 432,  432, 432
140,  3456,  1728, 432, 432, 432, 1296, 432, 432, 432, 432, 432, 432, 432, 432, 432, 432, 432, 432, 432, 432, 432, 432, 432, 432, 432, 432, 432, 432, 432, 1296, 432, 432, 432, 432, 432, 432, 432, 432, 432, 432, 432, 432, 432, 432, 432, 1296, 432, 432, 432, 1296, 432, 432, 432, 1296, 432,  432, 432,  432, 432, 1296, 432, 432, 432, 1296, 432, 432, 432, 1296, 432,  432, 432, 1296, 432,  432, 432,  432, 432,  432, 432,  432, 432, 1296, 432, 1296, 432, 1296, 432, 1296, 432,  432, 432, 1296, 432, 1296, 432, 1296, 432,  432, 432
