 Nr, headm, heads,    ,    ,    ,     ,    ,    ,    ,    ,    ,    ,    ,    ,    ,    ,    ,    ,    ,    ,    ,    ,    ,    ,    ,    ,    ,    ,    ,     ,    ,    ,    ,    ,    ,    ,    ,    ,    ,    ,    ,    ,    ,    ,    ,     ,    ,    ,    ,     ,    ,    ,    ,     ,    ,     ,    ,     ,    ,     ,    ,    ,    ,     ,    ,    ,    ,     ,    ,     ,    ,     ,    ,     ,    ,     ,    ,     ,    ,     ,    ,     ,    ,     ,    ,     ,    ,     ,    ,     ,    ,     ,    ,     ,    ,     ,    ,     ,
  0, 3450,  1650, 550, 350, 450, 1250, 500, 400, 500, 350, 450, 450, 450, 400, 450, 400, 450, 400, 500, 400, 450, 400, 450, 400, 450, 400, 500, 400, 450, 1250, 450, 450, 450, 350, 500, 400, 450, 400, 500, 400, 450, 400, 450, 400, 450, 1250, 500, 400, 450, 1250, 500, 350, 500,  400, 450, 1250, 500, 1250, 450, 1250, 500, 400, 450, 1250, 500, 350, 500, 1250, 500,  350, 500, 1250, 450, 1250, 500, 1250, 500, 1250, 500,  350, 450,  450, 450, 1250, 450,  400, 450,  450, 450,  400, 450,  400, 450,  400, 500, 1250, 450, 1250, 500
  1, 3500,  1650, 500, 350, 500, 1250, 500, 350, 500, 350, 500, 400, 500, 350, 500, 400, 450, 400, 450, 400, 450, 400, 500, 400, 450, 400, 450, 400, 450, 1250, 500, 400, 450, 400, 450, 450, 450, 400, 500, 350, 450, 400, 500, 400, 450, 1250, 500, 400, 450, 1250, 450, 400, 500,  400, 450, 1250, 450, 1250, 500, 1250, 450, 450, 450, 1250, 450, 400, 500, 1250, 450,  400, 450, 1250, 500, 1250, 500, 1200, 500, 1250, 500,  400, 450,  400, 450, 1250, 500,  400, 450,  400, 500,  350, 500,  400, 450,  400, 500, 1200, 500, 1250, 450
  2, 3500,  1650, 500, 350, 500, 1250, 450, 400, 500, 350, 500, 400, 450, 400, 500, 400, 450, 400, 450, 400, 450, 400, 500, 400, 450, 400, 450, 400, 450, 1250, 500, 400, 450, 400, 450, 450, 450, 400, 450, 400, 450, 400, 500, 400, 450, 1250, 450, 400, 500, 1250, 500, 350, 500,  400, 450, 1250, 450, 1250, 500, 1250, 450, 450, 450, 1250, 450, 400, 500, 1250, 450,  400, 450, 1250, 500, 1250, 500, 1200, 500, 1250, 500,  350, 500,  400, 450, 1250, 500,  400, 450,  400, 450,  400, 500,  400, 450,  400, 450, 1250, 500, 1250, 450
  3, 3500,  1650, 500, 350, 500, 1250, 500, 350, 500, 400, 500, 350, 450, 400, 500, 350, 500, 400, 450, 400, 500, 350, 500, 350, 500, 400, 450, 400, 500, 1250, 450, 400, 450, 400, 500, 350, 500, 400, 450, 400, 500, 350, 500, 350, 500, 1250, 500, 350, 500, 1250, 450, 400, 500,  350, 500, 1250, 500, 1250, 450, 1250, 500, 350, 500, 1250, 500, 350, 500, 1250, 450, 1250, 500,  400, 450, 1250, 500, 1250, 450,  400, 500,  350, 500, 1250, 500, 1200, 500, 1250, 500, 1200, 500,  400, 500,  350, 500, 1250, 450, 1250, 500,  350, 500
  4, 3500,  1650, 500, 350, 500, 1250, 500, 350, 500, 350, 500, 350, 550, 350, 500, 350, 500, 350, 500, 400, 500, 350, 500, 350, 500, 350, 500, 400, 500, 1200, 500, 350, 550, 350, 500, 350, 500, 350, 500, 400, 500, 350, 500, 350, 500, 1250, 450, 400, 500, 1250, 500, 350, 500,  350, 500, 1250, 500, 1200, 500, 1250, 500, 350, 500, 1250, 500, 350, 500, 1200, 500, 1250, 500,  350, 500, 1250, 500, 1200, 500,  400, 500,  350, 500, 1200, 550, 1200, 500, 1250, 450, 1250, 500,  350, 500,  400, 500, 1200, 500, 1250, 450,  400, 500
  5, 3500,  1700, 500, 350, 500, 1250, 450, 400, 500, 350, 500, 350, 500, 400, 450, 400, 450, 400, 500, 400, 450, 400, 500, 350, 450, 450, 450, 400, 450, 1250, 500, 400, 450, 400, 450, 400, 450, 450, 450, 400, 450, 400, 450, 400, 500, 1250, 450, 400, 450, 1300, 450, 400, 450,  400, 450, 1300, 450, 1250, 500, 1250, 450, 400, 450, 1300, 450, 400, 450, 1300, 450, 1250, 450,  450, 450, 1250, 450, 1300, 450,  400, 450,  400, 450, 1300, 450, 1250, 450, 1300, 450, 1250, 450,  450, 450,  400, 450, 1300, 450, 1250, 450,  400, 450
  6, 3500,  1650, 500, 350, 500, 1250, 500, 350, 500, 350, 500, 350, 550, 350, 500, 350, 500, 350, 500, 400, 500, 350, 500, 350, 500, 350, 500, 400, 500, 1200, 500, 400, 500, 350, 500, 350, 500, 350, 500, 400, 450, 400, 500, 350, 500, 1250, 500, 350, 500, 1250, 450, 400, 500,  350, 500, 1250, 500, 1200, 500, 1250, 500, 350, 500, 1250, 500, 350, 500, 1200, 550,  350, 500, 1200, 500,  400, 450, 1250, 500,  350, 500,  400, 500, 1200, 500, 1250, 500,  350, 500,  350, 500, 1250, 500,  350, 500, 1250, 500, 1200, 500,  400, 500
  7, 3450,  1650, 550, 350, 500, 1200, 500, 400, 450, 400, 500, 350, 500, 350, 500, 400, 450, 400, 500, 350, 500, 350, 500, 400, 450, 400, 500, 350, 500, 1250, 500, 350, 500, 350, 500, 400, 450, 400, 500, 350, 500, 400, 450, 400, 450, 1250, 500, 400, 450, 1250, 500, 350, 500,  400, 450, 1250, 500, 1250, 450, 1250, 500, 400, 450, 1250, 500, 400, 450, 1250, 500,  350, 500, 1250, 500,  350, 500, 1250, 450,  400, 500,  350, 500, 1250, 450, 1250, 500,  400, 450,  400, 500, 1250, 450,  400, 450, 1250, 500, 1250, 500,  350, 500
  8, 3500,  1700, 500, 350, 500, 1200, 500, 400, 500, 350, 500, 350, 500, 350, 550, 350, 500, 350, 500, 350, 500, 400, 500, 350, 450, 400, 500, 350, 500, 1250, 500, 350, 500, 400, 500, 350, 450, 400, 500, 350, 500, 400, 450, 400, 500, 1200, 550, 350, 450, 1250, 500, 400, 450,  400, 450, 1250, 500, 1250, 500, 1200, 550, 350, 450, 1250, 500, 400, 450, 1250, 500,  350, 500, 1250, 500,  350, 500, 1250, 450,  400, 500,  350, 500, 1250, 500, 1200, 500,  400, 450,  400, 500, 1250, 500,  350, 500, 1200, 500, 1250, 500,  350, 500
  9, 3500,  1650, 550, 350, 500, 1200, 550, 350, 500, 350, 500, 350, 500, 350, 550, 350, 500, 350, 500, 350, 500, 400, 500, 350, 500, 350, 500, 350, 500, 1250, 500, 350, 500, 350, 500, 400, 450, 400, 500, 350, 500, 400, 500, 350, 500, 1200, 500, 400, 500, 1200, 500, 400, 500,  350, 500, 1200, 500, 1250, 500, 1200, 550, 350, 500, 1200, 500, 400, 500, 1200, 500, 1250, 500, 1200, 500,  400, 500, 1200, 500,  350, 500,  400, 500, 1200, 500, 1250, 500, 1200, 500,  400, 500, 1200, 500,  350, 500, 1250, 500, 1250, 450,  400, 500
 10, 3550,  1650, 500, 350, 500, 1200, 550, 350, 450, 400, 500, 350, 500, 350, 550, 350, 500, 350, 500, 350, 500, 400, 500, 350, 500, 350, 500, 350, 500, 1250, 500, 350, 500, 400, 450, 400, 500, 350, 500, 350, 500, 400, 450, 400, 500, 1200, 500, 400, 450, 1250, 500, 400, 500,  350, 450, 1250, 500, 1250, 500, 1250, 450, 400, 450, 1250, 500, 400, 450, 1250, 500, 1250, 500, 1200, 500,  400, 450, 1250, 500,  350, 500,  400, 450, 1250, 500, 1250, 500, 1200, 500,  400, 500, 1200, 500,  350, 500, 1250, 500, 1250, 500,  350, 450
 11, 3500,  1650, 500, 350, 500, 1200, 550, 350, 500, 350, 500, 350, 500, 400, 450, 400, 500, 350, 500, 350, 500, 400, 450, 400, 500, 350, 500, 400, 450, 1250, 500, 350, 500, 400, 450, 400, 500, 350, 500, 350, 500, 400, 500, 350, 500, 1250, 450, 400, 450, 1250, 500, 400, 450,  400, 500, 1250, 450, 1250, 500, 1250, 450, 400, 500, 1200, 500, 400, 450, 1250, 500, 1250, 450, 1250, 500,  400, 450, 1250, 500,  400, 450,  400, 450, 1250, 500, 1250, 500, 1200, 500,  400, 450, 1250, 500,  400, 450, 1250, 500, 1250, 450,  400, 500
 12, 3500,  1650, 550, 350, 500, 1200, 500, 400, 500, 350, 500, 350, 500, 350, 550, 350, 500, 350, 500, 350, 500, 350, 550, 350, 500, 350, 500, 350, 500, 1250, 500, 350, 500, 350, 500, 400, 500, 350, 500, 350, 500, 400, 500, 350, 450, 1250, 500, 400, 500, 1200, 500, 350, 550,  350, 500, 1200, 500, 1250, 500, 1200, 500, 400, 500, 1200, 500, 350, 550,  350, 500,  350, 500,  350, 500, 1250, 500, 1200, 500,  400, 500,  350, 500, 1250, 500,  350, 500,  350, 500, 1250, 500,  350, 500,  350, 500, 1250, 500, 1200, 500,  400, 500
 13, 3500,  1650, 500, 350, 500, 1250, 500, 350, 500, 350, 500, 400, 500, 350, 500, 350, 500, 350, 500, 400, 450, 400, 500, 350, 500, 400, 450, 400, 450, 1250, 500, 400, 450, 400, 500, 350, 500, 400, 450, 400, 450, 400, 500, 350, 500, 1250, 500, 350, 500, 1250, 450, 400, 500,  350, 500, 1250, 450, 1250, 500, 1250, 500, 350, 500, 1250, 450, 400, 500,  350, 500,  400, 450,  400, 500, 1200, 500, 1250, 500,  350, 500,  400, 450, 1250, 500,  350, 500,  400, 450, 1250, 500,  350, 500,  400, 450, 1250, 500, 1250, 500,  350, 500
 14, 3500,  1650, 500, 350, 500, 1250, 500, 350, 500, 350, 550, 350, 500, 350, 500, 350, 500, 400, 500, 350, 450, 400, 500, 350, 500, 400, 450, 400, 500, 1250, 500, 350, 450, 400, 500, 350, 500, 400, 450, 400, 500, 350, 500, 350, 500, 1250, 500, 350, 500, 1250, 500, 350, 500,  350, 500, 1250, 500, 1250, 500, 1200, 500, 350, 500, 1250, 500, 350, 500,  350, 500,  400, 500,  350, 500, 1250, 450, 1250, 500,  350, 500,  400, 450, 1250, 500,  400, 450,  400, 450, 1250, 500,  400, 450,  400, 500, 1200, 500, 1250, 500,  350, 500
 15, 3500,  1650, 500, 350, 500, 1250, 500, 350, 500, 350, 500, 350, 550, 350, 500, 350, 500, 350, 500, 400, 500, 350, 500, 350, 500, 350, 500, 400, 500, 1200, 500, 350, 500, 400, 500, 350, 500, 350, 500, 400, 500, 350, 500, 350, 500, 1250, 500, 350, 500, 1250, 500, 350, 500,  350, 500, 1250, 500, 1200, 500, 1250, 500, 350, 500, 1250, 500, 350, 500,  350, 500, 1250, 500, 1200, 500,  400, 500, 1200, 500,  350, 550,  350, 500, 1200, 500,  350, 500, 1250, 500,  350, 500, 1250, 500,  350, 500, 1250, 450, 1250, 500,  400, 500
 16, 3500,  1650, 500, 350, 500, 1250, 500, 350, 500, 350, 500, 400, 500, 350, 500, 350, 500, 350, 500, 400, 450, 400, 500, 350, 500, 400, 450, 400, 450, 1250, 500, 400, 450, 400, 500, 350, 500, 350, 500, 400, 450, 400, 500, 350, 500, 1250, 450, 400, 500, 1250, 450, 400, 500,  350, 500, 1250, 450, 1250, 500, 1250, 500, 350, 500, 1250, 450, 400, 500,  350, 500, 1250, 450, 1250, 500,  400, 450, 1250, 500,  400, 450,  400, 450, 1250, 500,  400, 500, 1200, 500,  350, 500, 1250, 500,  350, 500, 1250, 450, 1250, 500,  400, 450
 17, 3500,  1650, 500, 350, 500, 1250, 500, 350, 450, 400, 500, 350, 500, 400, 450, 400, 500, 350, 500, 350, 500, 400, 450, 400, 500, 350, 500, 400, 450, 1250, 500, 350, 500, 400, 450, 400, 500, 350, 500, 400, 450, 400, 450, 400, 500, 1250, 450, 400, 500, 1200, 500, 400, 500,  350, 500, 1250, 500, 1200, 500, 1250, 500, 350, 500, 1250, 500, 350, 450,  400, 500, 1250, 500, 1200, 500,  350, 500, 1250, 500,  350, 500,  400, 500, 1200, 500,  350, 500, 1250, 500,  350, 500, 1250, 500,  350, 500, 1250, 500, 1200, 500,  350, 550
 18, 3450,  1650, 500, 350, 500, 1250, 500, 350, 500, 400, 450, 400, 500, 350, 500, 350, 500, 400, 450, 400, 500, 350, 500, 350, 500, 400, 450, 400, 500, 1250, 450, 400, 450, 400, 500, 350, 500, 400, 450, 400, 500, 350, 500, 400, 450, 1250, 500, 350, 500, 1250, 500, 350, 500,  350, 500, 1250, 500, 1250, 450, 1250, 500, 350, 500, 1250, 500, 350, 500,  400, 450,  400, 450,  400, 500,  350, 500, 1250, 500,  350, 500,  350, 500,  400, 450,  400, 500,  350, 500, 1250, 450, 1250, 500,  400, 450, 1250, 500, 1250, 450, 1250, 500
 19, 3500,  1650, 500, 350, 550, 1200, 500, 350, 500, 400, 450, 400, 500, 350, 500, 350, 500, 400, 500, 350, 500, 350, 500, 350, 500, 400, 450, 400, 500, 1250, 450, 400, 450, 400, 500, 350, 500, 400, 450, 400, 500, 350, 500, 400, 450, 1250, 500, 350, 500, 1250, 500, 350, 500,  350, 500, 1250, 500, 1250, 450, 1250, 500, 350, 500, 1250, 500, 350, 500,  350, 500,  400, 450,  400, 500,  350, 500, 1250, 500,  350, 500,  350, 500,  400, 500,  350, 500,  350, 500, 1250, 500, 1200, 500,  400, 450, 1250, 500, 1250, 500, 1200, 500
 20, 3500,  1650, 500, 400, 500, 1200, 500, 350, 550, 350, 500, 350, 500, 350, 500, 400, 500, 350, 500, 350, 500, 350, 500, 400, 500, 350, 500, 350, 500, 1250, 500, 350, 500, 350, 500, 400, 500, 350, 500, 350, 500, 350, 500, 400, 500, 1200, 500, 400, 500, 1200, 500, 350, 500,  400, 500, 1200, 500, 1250, 450, 1250, 500, 400, 500, 1200, 500, 350, 550,  350, 500,  350, 500,  350, 500,  400, 500, 1200, 500,  350, 500,  400, 500,  350, 500,  350, 500,  350, 500, 1250, 500, 1250, 450,  400, 500, 1200, 500, 1250, 500, 1200, 550
 21, 3500,  1650, 500, 350, 500, 1250, 500, 350, 500, 400, 500, 350, 450, 400, 500, 350, 500, 400, 450, 400, 500, 350, 500, 350, 500, 400, 450, 400, 500, 1250, 450, 400, 450, 400, 500, 350, 500, 400, 450, 400, 500, 350, 500, 400, 450, 1250, 500, 350, 500, 1250, 500, 350, 500,  350, 500, 1250, 500, 1250, 450, 1250, 500, 350, 500, 1250, 500, 350, 500, 1250, 450,  400, 500,  350, 500,  400, 450, 1250, 500,  350, 500,  400, 450,  400, 500, 1250, 450,  400, 450, 1250, 500, 1250, 500,  350, 500, 1250, 450, 1250, 500, 1250, 450
 22, 3500,  1650, 500, 350, 500, 1250, 500, 350, 500, 350, 500, 400, 450, 400, 450, 400, 500, 350, 500, 400, 450, 400, 500, 350, 500, 350, 500, 400, 450, 1250, 500, 400, 450, 400, 500, 350, 500, 350, 500, 400, 450, 400, 500, 350, 500, 1250, 450, 400, 500, 1250, 450, 400, 500,  350, 500, 1250, 450, 1250, 500, 1250, 450, 400, 500, 1250, 450, 400, 500, 1250, 450,  400, 450,  400, 500,  350, 500, 1250, 500,  350, 500,  350, 500,  400, 450, 1250, 500,  400, 450, 1250, 500, 1250, 450,  400, 500, 1250, 450, 1250, 500, 1250, 450
 23, 3500,  1650, 500, 350, 500, 1250, 500, 350, 500, 350, 500, 400, 450, 400, 500, 350, 500, 350, 550, 350, 450, 400, 500, 350, 500, 350, 550, 350, 500, 1200, 500, 400, 450, 400, 500, 350, 500, 350, 500, 400, 500, 350, 500, 350, 500, 1250, 450, 400, 500, 1250, 500, 350, 500,  350, 500, 1250, 450, 1250, 500, 1250, 500, 350, 500, 1250, 450, 400, 500, 1250, 500,  350, 450,  400, 500,  350, 500, 1250, 500,  350, 500,  350, 500,  400, 500, 1200, 500,  400, 450, 1250, 500, 1250, 450,  400, 500, 1250, 450, 1250, 500, 1250, 500
 24, 3500,  1650, 500, 350, 500, 1250, 500, 350, 450, 400, 500, 350, 500, 400, 450, 400, 500, 350, 500, 350, 500, 400, 450, 400, 500, 350, 500, 400, 450, 1250, 500, 350, 500, 400, 450, 400, 500, 350, 500, 400, 450, 400, 450, 400, 500, 1250, 450, 400, 500, 1200, 500, 400, 450,  400, 500, 1250, 450, 1250, 500, 1250, 450, 400, 500, 1250, 450, 400, 450,  400, 500, 1250, 450,  400, 500,  350, 500, 1250, 450,  400, 500,  350, 500,  400, 450,  400, 450, 1250, 500, 1250, 500, 1250, 450,  400, 450, 1250, 500, 1250, 500, 1200, 500
 25, 3500,  1650, 500, 350, 500, 1250, 500, 350, 500, 350, 500, 400, 500, 350, 450, 400, 500, 350, 500, 400, 450, 400, 500, 350, 500, 400, 450, 400, 450, 1250, 500, 400, 450, 400, 500, 350, 500, 350, 500, 400, 450, 400, 500, 350, 500, 1250, 450, 400, 500, 1250, 450, 400, 500,  350, 500, 1250, 450, 1250, 500, 1250, 500, 350, 500, 1250, 450, 400, 500,  350, 500, 1250, 450,  400, 500,  350, 500, 1250, 500,  350, 500,  350, 500,  400, 450,  400, 500, 1250, 450, 1250, 500, 1250, 450,  400, 500, 1250, 450, 1250, 500, 1250, 450
 26, 3500,  1650, 500, 400, 500, 1200, 500, 350, 550, 350, 500, 350, 500, 350, 500, 400, 500, 350, 500, 350, 500, 350, 500, 400, 500, 350, 500, 350, 500, 1250, 500, 350, 500, 350, 500, 400, 500, 350, 500, 350, 500, 350, 550, 350, 450, 1250, 500, 400, 500, 1200, 500, 350, 500,  400, 500, 1200, 500, 1250, 500, 1200, 500, 400, 500, 1200, 500, 350, 500,  400, 500, 1200, 500,  400, 500,  350, 500, 1200, 500,  400, 500,  350, 500,  350, 500,  350, 500, 1250, 500, 1250, 500, 1200, 500,  350, 550, 1200, 500, 1200, 550, 1200, 500
 27, 3500,  1650, 500, 350, 500, 1250, 450, 400, 500, 350, 500, 400, 450, 400, 500, 350, 500, 400, 450, 400, 450, 400, 500, 350, 500, 400, 450, 400, 500, 1250, 450, 400, 450, 400, 500, 400, 450, 400, 450, 400, 450, 450, 450, 350, 500, 1250, 500, 400, 450, 1250, 450, 400, 500,  400, 450, 1250, 450, 1300, 450, 1250, 500, 400, 450, 1250, 450, 400, 500, 1250, 450, 1300, 450,  350, 500,  400, 450, 1300, 450,  400, 450,  400, 450,  450, 450, 1250, 450, 1300, 450, 1250, 450, 1300, 450,  400, 450, 1300, 450, 1250, 450, 1300, 450
 28, 3500,  1650, 500, 350, 550, 1200, 500, 350, 500, 400, 450, 400, 500, 350, 500, 350, 500, 400, 500, 350, 500, 350, 500, 350, 500, 400, 500, 350, 500, 1250, 450, 400, 450, 400, 500, 350, 500, 400, 450, 400, 500, 350, 500, 400, 450, 1250, 500, 350, 500, 1250, 500, 350, 500,  350, 500, 1250, 500, 1250, 450, 1250, 500, 350, 500, 1250, 500, 350, 500, 1250, 450, 1250, 500,  400, 500,  350, 450, 1250, 500,  400, 450,  400, 500,  350, 500, 1250, 500, 1200, 500, 1250, 500, 1200, 500,  400, 450, 1250, 500, 1250, 500, 1200, 500
 29, 3500,  1650, 500, 350, 500, 1250, 450, 400, 500, 350, 500, 400, 450, 400, 450, 400, 500, 350, 500, 400, 450, 400, 500, 350, 500, 350, 500, 400, 450, 1250, 500, 400, 450, 400, 450, 400, 500, 350, 500, 400, 450, 400, 500, 350, 500, 1250, 450, 400, 500, 1250, 450, 400, 500,  350, 500, 1250, 450, 1250, 500, 1250, 450, 400, 500, 1250, 450, 400, 500, 1200, 500, 1250, 500,  350, 500,  400, 450, 1250, 500,  350, 500,  400, 450,  400, 500, 1250, 450, 1250, 500, 1250, 450, 1250, 500,  350, 500, 1250, 500, 1250, 450, 1250, 500
 30, 3500,  1650, 500, 350, 500, 1250, 500, 350, 500, 350, 500, 400, 450, 400, 500, 350, 500, 350, 500, 400, 450, 400, 500, 350, 500, 400, 450, 400, 450, 1250, 550, 350, 450, 400, 500, 350, 500, 400, 450, 400, 450, 400, 500, 350, 500, 1250, 500, 350, 500, 1250, 450, 400, 500,  350, 500, 1250, 450, 1250, 500, 1250, 500, 350, 500, 1250, 450, 400, 500,  350, 500,  400, 450, 1250, 500,  350, 500, 1250, 500,  350, 500,  400, 450,  400, 450,  400, 500,  350, 500,  400, 450, 1250, 500,  350, 500, 1250, 500, 1250, 450, 1250, 500
 31, 3550,  1600, 550, 300, 550, 1200, 500, 350, 500, 400, 500, 350, 500, 350, 500, 350, 550, 350, 500, 350, 500, 350, 500, 400, 500, 350, 500, 350, 500, 1250, 500, 350, 500, 350, 500, 350, 550, 350, 500, 350, 500, 350, 500, 400, 500, 1200, 500, 350, 550, 1200, 500, 350, 500,  400, 500, 1200, 500, 1250, 500, 1200, 500, 350, 550, 1200, 500, 350, 500,  400, 500,  350, 500, 1200, 500,  400, 500, 1200, 500,  400, 500,  350, 500,  350, 500,  350, 500,  400, 500,  350, 500, 1200, 550,  350, 500, 1200, 500, 1250, 500, 1200, 500
 32, 3500,  1650, 500, 350, 500, 1250, 450, 400, 500, 350, 500, 400, 450, 400, 500, 350, 500, 350, 500, 400, 450, 400, 500, 350, 500, 400, 450, 400, 450, 1250, 500, 400, 450, 400, 500, 350, 500, 400, 450, 400, 450, 400, 500, 350, 500, 1250, 450, 400, 500, 1250, 450, 400, 500,  350, 500, 1250, 450, 1250, 500, 1250, 500, 350, 500, 1250, 450, 400, 500,  350, 500,  400, 450, 1250, 500,  350, 500, 1250, 500,  350, 500,  400, 450,  400, 450,  400, 500,  350, 500,  400, 450, 1250, 500,  350, 500, 1250, 500, 1250, 450, 1250, 500
 33, 3500,  1650, 500, 350, 500, 1250, 500, 350, 500, 350, 550, 350, 500, 350, 500, 350, 500, 400, 500, 350, 500, 350, 500, 350, 500, 400, 450, 400, 500, 1200, 500, 400, 500, 350, 500, 350, 500, 400, 500, 350, 500, 350, 500, 350, 500, 1250, 500, 350, 500, 1250, 500, 350, 500,  350, 500, 1250, 500, 1200, 500, 1250, 500, 350, 500, 1250, 500, 350, 500, 1250, 500,  350, 500, 1250, 500,  350, 500, 1200, 500,  400, 500,  350, 500,  350, 500, 1250, 450,  400, 500,  350, 500, 1250, 500,  350, 500, 1250, 450, 1250, 500, 1250, 450
 34, 3500,  1650, 550, 350, 500, 1200, 500, 350, 550, 350, 500, 350, 500, 350, 500, 400, 500, 350, 500, 350, 500, 350, 500, 400, 450, 400, 500, 350, 500, 1250, 500, 350, 500, 350, 500, 400, 500, 350, 500, 350, 500, 350, 500, 400, 450, 1250, 500, 400, 500, 1200, 500, 350, 500,  400, 450, 1250, 500, 1250, 500, 1200, 500, 400, 450, 1250, 500, 350, 500, 1250, 500,  350, 500, 1250, 500,  350, 500, 1250, 500,  350, 500,  350, 500,  350, 550, 1200, 500,  350, 500,  400, 500, 1200, 500,  350, 500, 1250, 500, 1250, 500, 1200, 500
 35, 3500,  1650, 500, 350, 500, 1250, 500, 350, 500, 350, 500, 400, 450, 400, 450, 400, 500, 350, 500, 400, 500, 350, 500, 400, 450, 350, 500, 400, 450, 1300, 450, 400, 450, 400, 500, 400, 450, 350, 500, 400, 450, 400, 500, 400, 450, 1250, 450, 400, 500, 1250, 450, 400, 450,  450, 450, 1250, 450, 1300, 450, 1250, 500, 400, 450, 1250, 500, 350, 500, 1250, 450,  400, 450, 1300, 450,  400, 500, 1250, 450,  350, 500,  400, 450,  400, 500, 1250, 450,  400, 450,  400, 500, 1250, 500,  350, 500, 1250, 450, 1250, 500, 1250, 450
 36, 3450,  1650, 550, 350, 500, 1200, 500, 400, 500, 350, 500, 350, 500, 350, 550, 350, 500, 350, 500, 350, 500, 350, 550, 350, 500, 350, 500, 350, 500, 1250, 500, 350, 500, 350, 550, 350, 500, 350, 500, 350, 500, 400, 500, 350, 500, 1200, 500, 400, 500, 1200, 500, 350, 550,  350, 500, 1200, 500, 1250, 500, 1200, 500, 400, 500, 1200, 500, 400, 500,  350, 500, 1200, 500, 1250, 500,  350, 500, 1250, 500,  350, 500,  350, 500,  400, 450,  400, 500, 1200, 500,  400, 500, 1200, 500,  350, 500, 1250, 500, 1250, 500, 1200, 500
 37, 3500,  1650, 500, 350, 500, 1250, 500, 350, 500, 350, 500, 400, 450, 400, 500, 350, 500, 350, 500, 400, 450, 400, 500, 350, 500, 400, 450, 400, 450, 1250, 500, 400, 450, 400, 500, 350, 500, 400, 450, 400, 450, 400, 500, 350, 500, 1250, 500, 350, 500, 1250, 450, 400, 500,  350, 500, 1250, 450, 1250, 500, 1250, 500, 350, 500, 1250, 450, 400, 500,  350, 500, 1250, 450, 1250, 500,  400, 450, 1250, 500,  400, 450,  400, 500,  350, 500,  350, 500, 1250, 500,  350, 500, 1250, 450,  400, 500, 1250, 450, 1250, 500, 1250, 450
 38, 3500,  1650, 500, 350, 500, 1250, 500, 350, 500, 350, 500, 400, 450, 400, 500, 350, 500, 400, 450, 400, 450, 400, 500, 350, 500, 400, 450, 400, 500, 1250, 450, 400, 450, 400, 500, 350, 500, 400, 450, 400, 500, 350, 500, 350, 500, 1250, 500, 350, 500, 1250, 450, 400, 500,  350, 500, 1250, 500, 1250, 450, 1250, 500, 350, 500, 1250, 450, 400, 500,  350, 500, 1250, 500, 1250, 450,  400, 450, 1250, 500,  400, 450,  400, 500,  350, 500,  350, 500, 1250, 500,  350, 500, 1250, 450,  400, 500, 1250, 450, 1250, 500, 1250, 450
 39, 3500,  1650, 500, 350, 500, 1250, 500, 350, 500, 350, 500, 400, 450, 400, 500, 350, 500, 400, 450, 400, 450, 400, 500, 350, 500, 400, 450, 400, 500, 1250, 500, 350, 450, 400, 500, 350, 500, 400, 450, 400, 500, 350, 500, 350, 500, 1250, 500, 350, 500, 1250, 450, 400, 500,  350, 500, 1250, 500, 1200, 500, 1250, 500, 350, 500, 1250, 500, 350, 500, 1250, 450, 1250, 500, 1250, 450,  400, 500, 1250, 450,  400, 500,  350, 500,  350, 500, 1250, 500, 1250, 450,  400, 450, 1250, 500,  400, 450, 1250, 500, 1250, 500, 1200, 500
 40, 3500,  1650, 500, 350, 500, 1250, 450, 400, 500, 350, 500, 400, 500, 350, 500, 350, 500, 350, 500, 400, 450, 400, 500, 350, 500, 350, 500, 400, 450, 1250, 500, 400, 450, 400, 450, 400, 500, 350, 500, 400, 450, 400, 500, 350, 500, 1250, 500, 350, 500, 1250, 450, 400, 500,  350, 500, 1250, 450, 1250, 500, 1250, 450, 400, 500, 1250, 450, 400, 500, 1250, 450, 1250, 500, 1250, 450,  400, 500, 1200, 500,  400, 450,  400, 500,  350, 500, 1250, 450, 1250, 500,  400, 450, 1250, 500,  350, 550, 1200, 500, 1250, 450, 1250, 500
 41, 3500,  1650, 500, 350, 500, 1250, 500, 350, 500, 350, 500, 350, 500, 400, 450, 400, 500, 350, 500, 400, 450, 400, 450, 400, 500, 350, 500, 400, 450, 1250, 500, 400, 450, 400, 450, 400, 500, 350, 500, 400, 450, 400, 500, 350, 500, 1250, 450, 400, 500, 1250, 450, 400, 450,  400, 500, 1250, 450, 1250, 500, 1250, 450, 400, 500, 1250, 450, 400, 500, 1200, 500, 1250, 500, 1250, 450,  400, 450, 1250, 500,  400, 450,  400, 500,  350, 500, 1250, 450, 1250, 500,  400, 450, 1250, 500,  350, 500, 1250, 500, 1250, 450, 1250, 500
 42, 3500,  1650, 500, 350, 500, 1250, 500, 350, 500, 350, 500, 400, 500, 350, 500, 350, 500, 400, 450, 400, 450, 400, 500, 350, 500, 400, 450, 400, 500, 1200, 500, 400, 450, 400, 500, 350, 500, 400, 450, 400, 500, 350, 500, 350, 500, 1250, 500, 350, 500, 1250, 450, 400, 500,  350, 500, 1250, 500, 1200, 500, 1250, 500, 350, 500, 1250, 450, 400, 500,  350, 500,  400, 450,  400, 500, 1250, 450, 1250, 500,  350, 500,  400, 500,  350, 500,  350, 500,  350, 500, 1250, 500,  350, 500,  400, 500, 1200, 500, 1250, 450, 1250, 500
 43, 3550,  1600, 500, 350, 550, 1200, 500, 350, 500, 400, 450, 400, 500, 350, 500, 350, 500, 400, 450, 400, 500, 350, 500, 400, 500, 350, 450, 400, 500, 1250, 450, 400, 500, 350, 500, 350, 500, 400, 450, 400, 500, 350, 500, 400, 500, 1200, 500, 350, 500, 1250, 500, 350, 500,  350, 500, 1250, 500, 1250, 450, 1250, 500, 350, 500, 1250, 500, 350, 500,  400, 500,  350, 500,  350, 500, 1250, 450, 1250, 500,  350, 500,  400, 450,  400, 500,  350, 500,  400, 450, 1250, 500,  350, 500,  400, 450, 1250, 500, 1250, 450, 1250, 500
 44, 3500,  1650, 500, 350, 500, 1250, 500, 350, 500, 350, 500, 400, 500, 350, 500, 350, 500, 350, 500, 400, 500, 350, 500, 350, 500, 400, 450, 400, 450, 1250, 500, 400, 500, 350, 500, 350, 500, 350, 500, 400, 450, 400, 500, 350, 500, 1250, 450, 400, 500, 1250, 450, 400, 500,  350, 500, 1250, 450, 1250, 500, 1250, 500, 350, 500, 1250, 450, 400, 500,  350, 500,  400, 450,  400, 450, 1250, 500, 1250, 500,  350, 500,  400, 450,  400, 450,  400, 500,  350, 500, 1250, 500,  350, 500,  350, 500, 1250, 500, 1250, 450, 1250, 500
 45, 3500,  1650, 500, 350, 500, 1250, 450, 400, 500, 350, 500, 400, 450, 400, 500, 350, 500, 350, 500, 400, 450, 400, 500, 350, 500, 400, 450, 400, 500, 1200, 500, 400, 450, 400, 500, 350, 500, 400, 450, 400, 450, 400, 500, 350, 500, 1250, 500, 350, 500, 1250, 450, 400, 500,  350, 500, 1250, 450, 1250, 500, 1250, 500, 350, 500, 1250, 450, 400, 500, 1250, 450,  400, 500,  350, 500, 1250, 450, 1250, 500,  400, 450,  400, 450,  400, 500, 1250, 450,  400, 500, 1250, 450,  400, 450,  400, 500, 1250, 450, 1250, 500, 1250, 450
 46, 3500,  1650, 500, 350, 500, 1250, 500, 350, 500, 350, 550, 350, 500, 350, 500, 350, 500, 350, 550, 350, 500, 350, 500, 350, 500, 400, 500, 350, 450, 1250, 500, 400, 450, 400, 500, 350, 500, 400, 450, 400, 450, 400, 500, 350, 500, 1250, 500, 350, 500, 1250, 450, 400, 500,  350, 500, 1250, 500, 1200, 500, 1250, 500, 350, 500, 1250, 500, 350, 500, 1250, 500,  350, 500,  350, 500, 1250, 500, 1200, 500,  400, 450,  400, 450,  400, 500, 1250, 450,  400, 500, 1200, 500,  400, 450,  400, 500, 1250, 450, 1250, 500, 1250, 450
 47, 3500,  1650, 500, 350, 500, 1200, 550, 350, 500, 350, 500, 350, 500, 400, 500, 350, 450, 400, 500, 350, 550, 350, 500, 350, 500, 350, 500, 400, 500, 1200, 500, 350, 500, 400, 500, 350, 500, 350, 500, 350, 500, 400, 500, 350, 500, 1250, 500, 350, 500, 1200, 500, 400, 500,  350, 500, 1250, 500, 1200, 500, 1250, 500, 350, 500, 1200, 550, 350, 500, 1200, 500,  400, 500,  350, 500, 1200, 500, 1250, 500,  350, 500,  400, 500,  350, 500, 1200, 500,  400, 500, 1200, 500,  350, 500,  400, 500, 1200, 500, 1250, 500, 1200, 550
 48, 3500,  1650, 500, 350, 500, 1250, 500, 350, 500, 350, 500, 400, 500, 350, 500, 350, 500, 350, 550, 350, 500, 350, 500, 350, 500, 400, 450, 400, 500, 1200, 500, 400, 500, 350, 500, 350, 500, 400, 450, 400, 500, 350, 500, 350, 500, 1250, 500, 350, 500, 1250, 500, 350, 500,  350, 500, 1250, 500, 1200, 500, 1250, 500, 350, 500, 1250, 500, 350, 500,  350, 500,  400, 450, 1250, 500,  350, 500,  400, 500,  350, 500,  350, 500, 1250, 500,  350, 500,  350, 500,  400, 450, 1250, 500, 1250, 450, 1250, 500, 1250, 500,  350, 500
 49, 3500,  1650, 500, 350, 500, 1200, 550, 350, 500, 350, 500, 350, 500, 400, 500, 350, 500, 350, 500, 350, 500, 400, 500, 350, 500, 350, 500, 400, 500, 1200, 500, 350, 500, 400, 450, 400, 500, 350, 500, 350, 500, 400, 450, 400, 500, 1250, 450, 400, 500, 1200, 500, 400, 500,  350, 500, 1250, 500, 1200, 500, 1250, 450, 400, 500, 1200, 500, 400, 500,  350, 500,  350, 500, 1250, 450,  400, 500,  350, 500,  400, 450,  400, 500, 1250, 450,  400, 500,  350, 500,  350, 500, 1250, 500, 1200, 500, 1250, 500, 1250, 450,  400, 450
 50, 3500,  1650, 500, 350, 500, 1250, 500, 350, 500, 350, 500, 350, 550, 350, 500, 350, 500, 350, 500, 350, 550, 350, 450, 400, 500, 350, 500, 400, 500, 1200, 500, 350, 500, 400, 450, 400, 500, 350, 500, 400, 450, 400, 450, 400, 500, 1250, 450, 400, 500, 1200, 500, 400, 450,  400, 500, 1250, 450, 1250, 500, 1250, 450, 400, 500, 1250, 450, 400, 450,  400, 500,  350, 500, 1250, 500,  350, 500,  350, 500,  400, 500,  350, 500, 1250, 450,  400, 450,  400, 500,  350, 500, 1250, 500, 1200, 500, 1250, 500, 1250, 450,  400, 500
 51, 3500,  1650, 500, 400, 500, 1200, 500, 350, 550, 350, 500, 350, 500, 350, 500, 350, 500, 400, 500, 350, 500, 350, 500, 400, 500, 350, 500, 350, 500, 1250, 450, 400, 500, 350, 500, 400, 450, 400, 500, 350, 500, 350, 500, 400, 500, 1200, 500, 350, 500, 1250, 500, 350, 500, 1250, 500,  350, 500, 1250, 500,  350, 500, 350, 500, 1250, 500, 350, 500,  350, 500, 1250, 500, 1200, 500, 1250, 500, 1250, 450, 1250, 500, 1250, 450, 1250, 500,  400, 500,  350, 500, 1200, 500,  400, 450, 1250, 500,  350, 500,  400, 500,  350, 500
 52, 3450,  1650, 500, 400, 500, 1200, 500, 350, 550, 350, 500, 350, 500, 350, 500, 400, 500, 350, 500, 350, 500, 350, 500, 400, 500, 350, 500, 350, 500, 1250, 500, 350, 500, 350, 500, 400, 500, 350, 500, 350, 500, 350, 500, 400, 450, 1250, 500, 350, 550, 1200, 500, 350, 500, 1250, 500,  350, 500, 1250, 500,  350, 500, 350, 500, 1250, 500, 350, 500,  350, 500, 1250, 500, 1200, 550, 1200, 500, 1250, 500, 1200, 500, 1250, 500, 1200, 500,  400, 500,  350, 500, 1200, 550,  350, 500, 1200, 500,  350, 500,  400, 500,  350, 500
 53, 3550,  1650, 500, 350, 500, 1200, 500, 400, 500, 350, 500, 350, 500, 350, 550, 350, 500, 350, 500, 350, 500, 400, 500, 350, 500, 350, 500, 350, 550, 1200, 500, 350, 500, 400, 500, 350, 500, 350, 500, 350, 550, 350, 500, 350, 500, 1200, 500, 400, 450, 1250, 500, 400, 500, 1200, 500,  350, 550, 1200, 500,  350, 500, 400, 500, 1200, 500, 350, 500,  400, 500, 1200, 500, 1250, 450, 1250, 500, 1250, 500, 1200, 500, 1250, 500, 1250, 450,  400, 500,  350, 500, 1250, 450,  400, 500, 1200, 550,  350, 500,  350, 500,  350, 500
 54, 3500,  1650, 500, 400, 500, 1200, 500, 350, 500, 400, 500, 350, 500, 350, 500, 400, 450, 400, 450, 400, 500, 350, 500, 400, 500, 350, 500, 350, 500, 1250, 450, 400, 500, 350, 500, 400, 450, 400, 450, 400, 500, 350, 500, 400, 450, 1250, 500, 400, 450, 1250, 500, 350, 500,  400, 500,  350, 500,  350, 500,  350, 500, 400, 500, 1200, 500, 400, 450,  400, 450,  400, 500,  350, 500,  400, 500,  350, 500, 1250, 450,  400, 450,  400, 500,  350, 500,  400, 450,  400, 500,  350, 500,  350, 500,  400, 450, 1250, 500, 1250, 450
 55, 3500,  1650, 500, 350, 550, 1200, 500, 350, 500, 400, 500, 350, 450, 400, 500, 350, 500, 400, 500, 350, 500, 350, 500, 400, 500, 350, 500, 350, 500, 1250, 500, 350, 500, 350, 500, 350, 500, 400, 500, 350, 500, 350, 500, 400, 450, 1250, 500, 350, 500, 1250, 500, 350, 500,  400, 450,  400, 450,  400, 500,  350, 500, 400, 450, 1250, 500, 350, 500,  400, 500,  350, 500,  350, 500,  400, 450,  400, 450, 1250, 500,  400, 450,  400, 500,  350, 500,  350, 550,  350, 450,  400, 500,  350, 500,  400, 500, 1200, 500, 1250, 450
 56, 3500,  1650, 550, 350, 500, 1200, 500, 350, 550, 350, 500, 350, 500, 350, 500, 400, 450, 400, 500, 350, 500, 350, 500, 400, 450, 400, 500, 350, 500, 1250, 450, 400, 500, 350, 500, 400, 450, 400, 500, 350, 500, 350, 500, 400, 450, 1250, 500, 400, 500, 1200, 500, 350, 500,  400, 450,  400, 500,  350, 500,  400, 450, 400, 500, 1200, 500, 400, 450,  400, 500,  350, 500,  350, 500,  400, 500,  350, 500, 1250, 500,  350, 450,  400, 500,  350, 500,  400, 500,  350, 500,  350, 500,  400, 450,  400, 450, 1250, 500, 1250, 500
 57, 3500,  1650, 500, 350, 500, 1250, 500, 350, 500, 400, 450, 400, 500, 350, 500, 350, 500, 400, 450, 400, 500, 400, 450, 350, 500, 400, 450, 400, 500, 1250, 450, 400, 450, 450, 450, 400, 450, 400, 500, 350, 500, 400, 450, 400, 450, 1250, 500, 400, 450, 1250, 450, 450, 450,  350, 500,  400, 450,  400, 500,  400, 450, 400, 450, 1300, 450, 400, 450, 1250, 500,  350, 500,  400, 450,  400, 450,  400, 500, 1250, 450,  400, 450,  450, 450, 1250, 450,  400, 500,  400, 450,  400, 450,  400, 450,  400, 500, 1250, 450, 1300, 450
 58, 3500,  1650, 500, 350, 550, 1200, 500, 350, 500, 350, 550, 350, 500, 350, 500, 350, 500, 400, 500, 350, 500, 350, 500, 350, 550, 350, 500, 350, 500, 1250, 500, 350, 500, 350, 500, 350, 500, 400, 500, 350, 500, 350, 500, 350, 550, 1200, 500, 350, 500, 1250, 500, 350, 500,  350, 550,  350, 500,  350, 500,  350, 500, 400, 500, 1200, 500, 350, 500, 1250, 500,  350, 500,  350, 500,  400, 500,  350, 500, 1250, 500,  350, 500,  350, 500, 1250, 500,  350, 500,  350, 500,  400, 500,  350, 500,  350, 500, 1250, 500, 1200, 500
 59, 3500,  1650, 550, 350, 500, 1200, 500, 400, 500, 350, 500, 350, 500, 350, 550, 350, 500, 350, 500, 350, 500, 350, 550, 350, 450, 400, 500, 350, 500, 1250, 500, 350, 500, 350, 550, 350, 500, 350, 500, 350, 500, 400, 500, 350, 500, 1200, 500, 400, 500, 1200, 500, 350, 550,  350, 500,  350, 500,  350, 500,  400, 500, 350, 500, 1200, 550, 350, 500, 1200, 500,  400, 500,  350, 500,  350, 500,  350, 500, 1250, 500,  350, 500,  350, 550, 1200, 500,  350, 500,  400, 500,  350, 500,  350, 500,  350, 550, 1200, 500, 1250, 450
 60, 3500,  1650, 500, 350, 500, 1250, 500, 350, 500, 350, 500, 350, 500, 400, 450, 400, 500, 350, 500, 400, 450, 400, 450, 400, 500, 350, 500, 400, 450, 1250, 500, 400, 450, 400, 450, 400, 500, 350, 500, 400, 450, 400, 500, 350, 500, 1250, 500, 350, 500, 1250, 450, 400, 450,  400, 500,  350, 500,  400, 500,  350, 500, 350, 500, 1250, 450, 400, 500,  350, 500, 1250, 500,  350, 500,  350, 500, 1250, 500, 1250, 500,  350, 450,  400, 500,  350, 500, 1250, 500,  350, 500,  400, 450, 1250, 500,  350, 500, 1250, 500, 1200, 500
 61, 3500,  1650, 550, 350, 500, 1200, 500, 400, 500, 350, 500, 350, 500, 350, 500, 400, 500, 350, 500, 350, 500, 350, 500, 400, 450, 400, 500, 350, 500, 1250, 500, 350, 500, 350, 500, 400, 450, 400, 500, 350, 500, 400, 450, 400, 500, 1200, 500, 400, 500, 1200, 500, 350, 500,  400, 500,  350, 500,  350, 500,  400, 500, 350, 500, 1200, 500, 400, 500,  350, 500, 1250, 500,  350, 450,  400, 500, 1250, 450, 1250, 500,  350, 500,  400, 450,  400, 500, 1250, 500,  350, 500,  350, 500, 1250, 500,  350, 500, 1250, 450, 1250, 500
 62, 3500,  1650, 500, 350, 500, 1250, 500, 350, 500, 350, 500, 350, 550, 350, 500, 350, 500, 350, 500, 400, 450, 400, 450, 400, 500, 350, 500, 400, 450, 1250, 500, 350, 500, 400, 450, 400, 500, 350, 500, 400, 450, 400, 500, 350, 500, 1250, 450, 400, 500, 1250, 450, 400, 450,  400, 500,  350, 500,  400, 450,  400, 500, 350, 500, 1250, 450, 400, 500,  350, 500, 1250, 450,  400, 500,  350, 500, 1250, 500, 1250, 450,  400, 450,  400, 500,  350, 500, 1250, 500,  350, 500,  350, 500, 1250, 500,  350, 500, 1250, 450, 1250, 500
 63, 3500,  1650, 500, 350, 500, 1250, 500, 350, 500, 350, 500, 400, 500, 350, 500, 350, 500, 350, 500, 400, 450, 400, 500, 350, 500, 400, 450, 400, 450, 1250, 500, 400, 500, 350, 500, 350, 500, 400, 450, 400, 450, 400, 500, 350, 500, 1250, 500, 350, 500, 1250, 500, 350, 500, 1250, 450,  400, 450, 1250, 500,  400, 450, 400, 500, 1250, 450, 400, 450,  400, 500, 1250, 450,  400, 500, 1200, 500,  400, 450,  400, 500,  350, 500, 1250, 450,  400, 500,  350, 500,  400, 450,  400, 500,  350, 500, 1250, 450, 1250, 500,  400, 450
 64, 3500,  1650, 500, 350, 550, 1200, 500, 350, 500, 400, 450, 400, 450, 400, 500, 350, 500, 400, 450, 400, 500, 350, 500, 400, 450, 400, 450, 400, 500, 1250, 450, 400, 500, 350, 500, 350, 500, 400, 450, 400, 500, 350, 500, 400, 450, 1250, 500, 350, 500, 1250, 500, 350, 500, 1250, 450,  400, 500, 1250, 450,  400, 500, 350, 500, 1250, 450, 400, 500,  350, 500, 1250, 450,  400, 500, 1250, 450,  400, 500,  350, 500,  400, 450, 1250, 500,  350, 500,  400, 450,  400, 500,  350, 500,  350, 500, 1250, 500, 1250, 450,  400, 450
 65, 3500,  1650, 500, 350, 500, 1250, 500, 350, 500, 350, 500, 350, 500, 400, 450, 400, 500, 350, 500, 400, 450, 400, 450, 400, 500, 350, 500, 400, 450, 1250, 500, 350, 500, 400, 450, 400, 500, 350, 500, 400, 450, 400, 450, 400, 500, 1250, 450, 400, 500, 1250, 450, 400, 450, 1250, 500,  400, 450, 1250, 500,  350, 500, 400, 450, 1250, 500, 400, 450,  400, 450, 1250, 500,  400, 450, 1250, 500,  400, 450,  400, 450,  400, 500, 1250, 450,  400, 500,  350, 500,  350, 500,  400, 450,  400, 500, 1250, 450, 1250, 500,  350, 500
 66, 3450,  1650, 550, 350, 500, 1200, 500, 400, 450, 400, 500, 350, 500, 350, 500, 400, 450, 400, 500, 350, 500, 400, 450, 400, 450, 400, 500, 350, 500, 1250, 500, 350, 500, 350, 500, 400, 450, 400, 500, 350, 500, 400, 450, 400, 500, 1200, 500, 400, 450, 1250, 500, 400, 450,  400, 500, 1200, 500, 1250, 500, 1250, 450, 400, 450, 1250, 500, 400, 450, 1250, 500, 1250, 450, 1250, 500,  400, 450,  400, 450,  400, 500, 1250, 450,  400, 500, 1200, 500, 1250, 500,  350, 500, 1250, 500, 1200, 500, 1250, 500,  350, 500, 1250, 450
 67, 3500,  1650, 500, 350, 500, 1250, 500, 350, 500, 350, 500, 400, 450, 400, 500, 350, 500, 400, 450, 400, 450, 400, 500, 350, 500, 400, 450, 400, 500, 1250, 450, 400, 450, 400, 500, 350, 500, 400, 450, 400, 500, 350, 500, 350, 500, 1250, 500, 350, 500, 1250, 450, 400, 500,  350, 500, 1250, 500, 1250, 450, 1250, 500, 350, 500, 1250, 500, 350, 500, 1250, 450, 1250, 500, 1250, 450,  400, 500,  350, 500,  400, 450, 1250, 500,  400, 450, 1250, 500, 1250, 450,  400, 500, 1200, 500, 1250, 500, 1250, 450,  400, 500, 1200, 500
 68, 3500,  1650, 500, 400, 500, 1200, 500, 350, 550, 350, 450, 400, 500, 350, 500, 400, 450, 400, 450, 400, 500, 350, 500, 400, 450, 400, 500, 350, 500, 1250, 450, 400, 500, 350, 500, 400, 450, 400, 450, 400, 500, 350, 500, 400, 450, 1250, 500, 400, 450, 1250, 500, 350, 500,  400, 450, 1250, 500, 1250, 450, 1250, 500, 400, 450, 1250, 500, 350, 500, 1250, 500, 1250, 450, 1250, 500,  350, 500,  400, 450,  400, 500, 1200, 500,  400, 450, 1250, 500, 1250, 450,  400, 500, 1250, 450, 1250, 500, 1250, 450,  400, 500, 1250, 450
 69, 3550,  1650, 500, 350, 500, 1200, 550, 350, 500, 350, 500, 350, 500, 400, 450, 400, 450, 400, 500, 350, 500, 400, 500, 350, 500, 350, 500, 350, 500, 1250, 500, 350, 500, 400, 450, 400, 450, 400, 500, 350, 500, 400, 450, 400, 500, 1250, 450, 400, 450, 1250, 500, 400, 450,  400, 500, 1200, 500, 1250, 500, 1250, 500, 350, 450, 1250, 500, 400, 450, 1250, 500, 1250, 450,  400, 500, 1250, 500, 1200, 500, 1250, 450,  400, 500, 1250, 450, 1250, 500, 1250, 450, 1250, 500,  350, 500,  400, 450,  400, 500, 1250, 450,  400, 500
 70, 3500,  1650, 500, 350, 500, 1250, 500, 350, 500, 350, 500, 400, 500, 350, 500, 350, 500, 350, 500, 400, 450, 400, 500, 350, 500, 400, 500, 350, 450, 1250, 500, 400, 450, 400, 500, 350, 500, 350, 550, 350, 450, 400, 500, 350, 500, 1250, 450, 400, 500, 1250, 450, 400, 500,  350, 500, 1250, 450, 1250, 500, 1250, 500, 350, 500, 1250, 450, 400, 500, 1250, 450, 1250, 500,  350, 500, 1250, 500, 1250, 450, 1250, 500,  350, 500, 1250, 500, 1200, 500, 1250, 500, 1250, 450,  400, 450,  400, 500,  350, 500, 1250, 500,  350, 500
 71, 3500,  1650, 500, 350, 500, 1250, 500, 350, 500, 350, 500, 350, 550, 350, 450, 400, 500, 350, 500, 400, 500, 350, 500, 350, 500, 350, 500, 400, 450, 1250, 500, 400, 450, 400, 500, 350, 500, 350, 500, 400, 450, 400, 500, 350, 500, 1250, 450, 400, 500, 1250, 500, 350, 450,  400, 500, 1250, 450, 1250, 500, 1250, 450, 400, 500, 1250, 450, 400, 500, 1200, 500, 1250, 500,  350, 500, 1250, 450, 1250, 500, 1250, 500,  350, 500, 1250, 450, 1250, 500, 1250, 500, 1200, 500,  400, 450,  400, 500,  350, 500, 1250, 450,  400, 500
 72, 3500,  1650, 500, 350, 500, 1200, 500, 400, 500, 350, 500, 350, 500, 400, 500, 350, 450, 400, 500, 350, 500, 400, 500, 350, 500, 350, 500, 400, 500, 1200, 500, 350, 500, 400, 450, 400, 500, 350, 500, 350, 500, 400, 450, 400, 500, 1250, 450, 400, 500, 1200, 500, 400, 450,  400, 500, 1250, 450, 1250, 500, 1250, 450, 400, 500, 1250, 450, 400, 450, 1250, 500, 1250, 500,  350, 500, 1250, 450,  400, 500,  350, 500, 1250, 450, 1250, 500, 1250, 500, 1250, 450, 1250, 500,  350, 500, 1250, 500, 1200, 500,  400, 450,  400, 500
 73, 3500,  1650, 500, 400, 500, 1200, 500, 350, 550, 350, 500, 350, 500, 350, 500, 350, 550, 350, 500, 350, 500, 350, 500, 400, 500, 350, 500, 350, 500, 1250, 500, 350, 500, 350, 500, 400, 500, 350, 450, 400, 500, 350, 500, 400, 500, 1200, 500, 350, 500, 1250, 500, 350, 500,  400, 500, 1200, 500, 1250, 500, 1200, 500, 400, 500, 1200, 500, 350, 550, 1200, 500, 1200, 550,  350, 500, 1200, 500,  400, 500,  350, 500, 1200, 550, 1200, 500, 1250, 450, 1250, 500, 1250, 500,  350, 500, 1200, 550, 1200, 500,  350, 500,  400, 500
 74, 3500,  1650, 500, 350, 500, 1250, 500, 350, 500, 350, 500, 400, 500, 350, 500, 350, 500, 350, 550, 350, 500, 350, 500, 350, 500, 350, 500, 400, 500, 1200, 500, 400, 500, 350, 500, 350, 500, 350, 550, 350, 500, 350, 500, 350, 500, 1250, 500, 350, 500, 1250, 500, 350, 500,  350, 500, 1250, 500, 1200, 500, 1250, 500, 350, 500, 1250, 500, 350, 500, 1250, 500, 1200, 500,  350, 500, 1250, 500,  350, 500,  400, 500, 1200, 500, 1250, 500, 1200, 500, 1250, 500, 1200, 500,  400, 500, 1200, 500, 1250, 500,  350, 500,  350, 500
 75, 3500,  1650, 500, 350, 500, 1250, 500, 350, 500, 350, 550, 350, 500, 350, 500, 350, 500, 400, 450, 400, 450, 400, 500, 350, 500, 400, 450, 400, 500, 1250, 450, 400, 500, 350, 500, 350, 500, 400, 450, 400, 500, 350, 500, 400, 450, 1250, 500, 350, 500, 1250, 500, 350, 500, 1250, 450,  400, 500, 1250, 450,  400, 450, 400, 500, 1250, 450, 400, 500,  350, 500, 1250, 450,  400, 500, 1250, 500,  350, 500,  350, 500,  350, 550,  350, 450,  400, 500,  350, 500,  400, 500,  350, 450,  400, 500, 1250, 450, 1250, 500, 1250, 450
 76, 3500,  1650, 500, 400, 500, 1200, 500, 350, 550, 350, 450, 400, 500, 350, 500, 400, 450, 400, 450, 400, 500, 350, 500, 400, 450, 400, 500, 350, 500, 1250, 450, 400, 500, 350, 500, 400, 450, 400, 450, 400, 500, 350, 500, 400, 450, 1250, 500, 400, 450, 1250, 500, 350, 500, 1250, 500,  350, 500, 1250, 450,  400, 500, 350, 500, 1250, 500, 350, 500,  350, 500, 1250, 500,  350, 500, 1250, 450,  400, 500,  350, 500,  400, 450,  400, 500,  350, 500,  400, 450,  400, 450,  400, 500,  350, 500, 1250, 500, 1200, 500, 1250, 500
 77, 3500,  1650, 500, 350, 500, 1250, 500, 350, 500, 350, 500, 400, 500, 350, 500, 350, 500, 400, 450, 400, 450, 400, 500, 350, 500, 400, 450, 400, 500, 1250, 450, 400, 450, 400, 500, 350, 500, 400, 450, 400, 500, 350, 500, 350, 500, 1250, 500, 350, 500, 1250, 450, 400, 500, 1250, 450,  400, 500, 1250, 450,  400, 450, 400, 500, 1250, 450, 400, 500,  350, 500, 1250, 450,  400, 500, 1250, 450,  400, 450,  400, 500,  350, 500,  400, 450,  400, 500,  350, 500,  400, 450,  400, 450,  400, 500, 1250, 450, 1250, 500, 1250, 450
 78, 3500,  1650, 500, 400, 500, 1200, 500, 350, 500, 400, 450, 400, 500, 350, 500, 400, 450, 400, 450, 400, 500, 350, 500, 400, 450, 400, 500, 350, 500, 1250, 450, 400, 500, 350, 500, 400, 450, 400, 450, 400, 500, 350, 500, 400, 450, 1250, 500, 400, 450, 1250, 500, 350, 500,  400, 450,  400, 500,  350, 500,  350, 500, 400, 450, 1250, 500, 400, 450,  400, 500, 1200, 500,  400, 450, 1250, 500, 1250, 450,  400, 500,  350, 500, 1250, 500,  350, 500, 1250, 450,  400, 500, 1250, 450, 1250, 500, 1250, 450, 1250, 500,  400, 450
 79, 3500,  1650, 500, 350, 500, 1250, 500, 350, 500, 350, 500, 350, 500, 400, 450, 400, 500, 350, 500, 400, 450, 400, 500, 350, 500, 350, 500, 400, 450, 1250, 500, 400, 450, 400, 450, 400, 500, 350, 500, 400, 450, 400, 500, 350, 500, 1250, 450, 400, 500, 1250, 450, 400, 450,  400, 500,  350, 500,  400, 450,  400, 500, 350, 500, 1250, 450, 400, 500,  350, 500, 1250, 500,  350, 500, 1250, 450, 1250, 500,  400, 450,  400, 450, 1250, 500,  400, 450, 1250, 500,  400, 450, 1250, 500, 1250, 450, 1250, 500, 1250, 450,  400, 500
 80, 3500,  1650, 500, 350, 500, 1250, 500, 350, 500, 350, 500, 400, 500, 350, 500, 350, 500, 350, 500, 400, 450, 400, 500, 350, 500, 400, 450, 400, 450, 1250, 500, 400, 450, 400, 500, 350, 500, 350, 500, 400, 450, 400, 500, 350, 500, 1250, 500, 350, 500, 1250, 450, 400, 500,  350, 500,  400, 450,  400, 450,  400, 500, 350, 500, 1250, 500, 350, 500,  350, 500, 1250, 500,  350, 500, 1250, 500, 1200, 500,  400, 450,  400, 500, 1250, 450,  400, 450, 1250, 500,  400, 450, 1250, 500, 1250, 450, 1250, 500, 1250, 500,  350, 500
 81, 3500,  1650, 500, 400, 450, 1250, 500, 350, 500, 400, 450, 400, 500, 350, 500, 350, 500, 400, 450, 400, 500, 350, 500, 400, 450, 400, 500, 350, 500, 1250, 450, 400, 500, 350, 500, 400, 450, 400, 450, 400, 500, 350, 500, 400, 450, 1250, 500, 400, 450, 1250, 500, 350, 500,  400, 450, 1250, 500, 1250, 450, 1250, 500, 400, 450, 1250, 500, 350, 500, 1250, 500,  350, 500,  400, 450, 1250, 500,  350, 500,  400, 450, 1250, 500,  350, 500, 1250, 500,  350, 500, 1250, 450,  400, 500, 1250, 450, 1250, 500,  400, 450, 1250, 500
 82, 3500,  1650, 500, 350, 500, 1250, 450, 400, 500, 350, 500, 400, 450, 400, 500, 350, 500, 400, 450, 400, 450, 400, 500, 350, 500, 400, 450, 400, 500, 1200, 500, 400, 450, 400, 500, 350, 500, 400, 450, 400, 450, 400, 500, 350, 500, 1250, 500, 350, 500, 1250, 450, 400, 500,  350, 500, 1250, 500, 1200, 500, 1250, 500, 350, 500, 1250, 500, 350, 500, 1250, 450,  400, 500,  350, 500, 1250, 450,  400, 500,  350, 500, 1250, 500,  350, 500, 1250, 450,  400, 500, 1250, 450,  400, 500, 1200, 500, 1250, 500,  350, 500, 1250, 450
 83, 3500,  1650, 500, 350, 500, 1200, 550, 350, 450, 400, 500, 350, 500, 400, 450, 400, 500, 350, 500, 350, 500, 400, 450, 400, 500, 350, 500, 400, 450, 1250, 500, 350, 500, 400, 450, 400, 500, 350, 500, 400, 450, 400, 450, 400, 500, 1250, 450, 400, 500, 1200, 500, 400, 450,  400, 500, 1250, 450, 1250, 500, 1250, 450, 400, 500, 1250, 450, 400, 450, 1250, 500,  400, 450,  400, 500, 1200, 500,  400, 450,  400, 500, 1250, 450,  400, 500, 1200, 500,  400, 450, 1250, 500,  400, 450, 1250, 500, 1250, 450,  400, 500, 1200, 500
 84, 3500,  1650, 500, 350, 550, 1200, 500, 350, 500, 400, 500, 350, 500, 350, 500, 350, 550, 350, 500, 350, 500, 350, 500, 400, 500, 350, 500, 350, 500, 1250, 500, 350, 500, 350, 500, 350, 550, 350, 500, 350, 500, 350, 500, 400, 500, 1200, 500, 350, 500, 1250, 500, 350, 500,  400, 500, 1200, 500,  350, 550,  350, 500, 350, 500, 1200, 550, 350, 500,  350, 500,  350, 500, 1250, 500,  350, 500,  350, 500, 1250, 500,  350, 500, 1250, 500,  350, 500,  350, 500,  400, 500,  350, 500,  350, 500,  350, 550, 1200, 500,  350, 500
 85, 3550,  1600, 500, 400, 500, 1200, 500, 350, 550, 350, 500, 350, 500, 350, 500, 400, 500, 350, 500, 350, 500, 350, 550, 350, 500, 350, 500, 350, 500, 1250, 500, 350, 500, 350, 500, 400, 500, 350, 500, 350, 500, 350, 550, 350, 500, 1200, 500, 400, 500, 1200, 500, 350, 500,  400, 500, 1200, 500,  400, 500,  350, 500, 350, 500, 1250, 500, 350, 500,  350, 500,  350, 550, 1200, 500,  350, 500,  400, 500, 1200, 500,  350, 500, 1250, 500,  350, 500,  400, 500,  350, 500,  350, 500,  350, 500,  400, 450, 1250, 500,  350, 550
 86, 3500,  1650, 500, 400, 500, 1200, 500, 350, 500, 400, 500, 350, 500, 350, 500, 400, 500, 350, 500, 350, 500, 350, 500, 400, 500, 350, 500, 350, 500, 1250, 500, 350, 500, 350, 500, 400, 450, 400, 500, 350, 500, 350, 500, 400, 500, 1200, 500, 400, 500, 1200, 500, 350, 500,  400, 500, 1200, 500,  350, 500,  400, 500, 350, 500, 1250, 500, 350, 500,  350, 500,  350, 550, 1200, 500,  350, 500,  400, 500, 1200, 500,  350, 500, 1250, 500,  350, 500,  350, 500,  400, 500,  350, 500,  350, 500,  400, 500, 1200, 500,  350, 550
 87, 3500,  1650, 500, 350, 500, 1250, 450, 400, 500, 350, 500, 400, 450, 400, 500, 350, 500, 350, 500, 400, 450, 400, 500, 350, 500, 400, 500, 350, 450, 1250, 500, 400, 450, 400, 500, 350, 500, 400, 450, 400, 450, 400, 500, 350, 500, 1250, 500, 350, 500, 1250, 450, 400, 500,  350, 500, 1250, 450, 1250, 500, 1250, 500, 350, 500, 1250, 450, 400, 500,  350, 500, 1250, 500,  350, 500, 1250, 450,  400, 500,  350, 500, 1250, 500,  350, 500,  350, 500, 1250, 500, 1250, 450,  400, 450, 1250, 500, 1250, 500,  350, 500, 1250, 450
 88, 3500,  1650, 500, 350, 500, 1250, 500, 350, 500, 350, 500, 350, 500, 400, 450, 400, 500, 350, 500, 400, 450, 400, 450, 400, 500, 350, 500, 400, 450, 1250, 500, 400, 450, 400, 450, 400, 500, 350, 500, 400, 450, 400, 500, 350, 500, 1250, 450, 400, 500, 1250, 450, 400, 450,  400, 500, 1250, 450, 1250, 500, 1250, 450, 400, 500, 1250, 450, 400, 500,  350, 500, 1250, 450,  400, 500, 1250, 450,  400, 500,  350, 500, 1250, 450,  400, 500,  350, 500, 1250, 450, 1250, 500,  400, 450, 1250, 500, 1250, 450,  400, 500, 1250, 450
 89, 3500,  1650, 500, 350, 550, 1200, 500, 350, 500, 400, 450, 400, 500, 350, 500, 350, 500, 400, 450, 400, 500, 350, 500, 400, 450, 400, 450, 400, 500, 1250, 450, 400, 500, 350, 500, 400, 450, 400, 450, 400, 500, 350, 500, 400, 450, 1250, 500, 350, 500, 1250, 500, 350, 500,  400, 450, 1250, 500, 1250, 450, 1250, 500, 400, 450, 1250, 500, 350, 500,  400, 450, 1250, 500,  350, 500, 1250, 500,  350, 500,  400, 450, 1250, 500,  350, 500,  400, 450, 1250, 500, 1250, 450,  400, 500, 1250, 450, 1250, 500,  350, 500, 1250, 500
 90, 3500,  1650, 500, 400, 500, 1200, 500, 350, 550, 350, 500, 350, 500, 350, 500, 400, 500, 350, 500, 350, 500, 350, 550, 350, 500, 350, 500, 350, 500, 1250, 450, 400, 500, 350, 500, 400, 500, 350, 500, 350, 500, 350, 500, 400, 500, 1200, 500, 400, 500, 1200, 500, 350, 500,  400, 500, 1200, 500, 1250, 500, 1200, 500, 400, 500, 1200, 500, 350, 550,  350, 500,  350, 500,  350, 500,  400, 500,  350, 500,  350, 500,  350, 550,  350, 500,  350, 500,  350, 500, 1250, 450, 1250, 500, 1250, 500, 1250, 450, 1250, 500, 1250, 500
 91, 3500,  1650, 500, 400, 500, 1200, 500, 350, 550, 350, 500, 350, 500, 350, 500, 400, 500, 350, 500, 350, 500, 350, 550, 350, 500, 350, 500, 350, 500, 1250, 500, 350, 500, 350, 500, 400, 500, 350, 500, 350, 500, 350, 550, 350, 500, 1200, 500, 400, 500, 1200, 500, 350, 550,  350, 500, 1200, 500, 1250, 500, 1200, 500, 400, 500, 1200, 500, 350, 550,  350, 500,  350, 500,  350, 500,  400, 500,  350, 500,  350, 500,  350, 500,  400, 500,  350, 500,  350, 500, 1250, 500, 1200, 500, 1250, 500, 1200, 550, 1200, 500, 1250, 500
 92, 3500,  1650, 500, 350, 550, 1200, 500, 350, 500, 400, 500, 350, 500, 350, 500, 350, 550, 350, 500, 350, 500, 350, 500, 400, 500, 350, 500, 350, 500, 1250, 500, 350, 500, 350, 500, 350, 550, 350, 500, 350, 500, 350, 500, 400, 500, 1200, 500, 350, 550, 1200, 500, 350, 500,  400, 500, 1200, 500, 1250, 500, 1200, 500, 400, 450, 1250, 500, 350, 550,  350, 500,  350, 500,  350, 500,  350, 550,  350, 500,  350, 500,  350, 500,  400, 500,  350, 500,  350, 500, 1250, 500, 1200, 500, 1250, 500, 1200, 550, 1200, 500, 1200, 550
 93, 3500,  1650, 500, 350, 500, 1250, 500, 350, 500, 350, 500, 350, 550, 350, 500, 350, 500, 350, 500, 400, 500, 350, 500, 350, 500, 350, 500, 400, 500, 1200, 500, 400, 500, 350, 500, 350, 500, 350, 500, 400, 500, 350, 500, 350, 500, 1250, 450, 400, 500, 1250, 500, 350, 500,  350, 500, 1250, 500, 1200, 500, 1250, 450, 400, 500, 1250, 500, 350, 500,  350, 500, 1250, 500, 1200, 500, 1250, 500,  350, 500,  350, 550, 1200, 500, 1250, 500,  350, 500, 1200, 500,  400, 500,  350, 500, 1250, 500, 1200, 500,  350, 500,  400, 450
 94, 3500,  1650, 500, 350, 500, 1250, 500, 350, 500, 350, 500, 350, 500, 400, 500, 350, 500, 350, 500, 350, 550, 350, 500, 350, 500, 350, 500, 400, 500, 1200, 500, 350, 500, 400, 500, 350, 500, 350, 500, 400, 500, 350, 500, 350, 500, 1250, 450, 400, 500, 1200, 550, 350, 500,  350, 500, 1250, 500, 1200, 500, 1250, 450, 400, 500, 1250, 500, 350, 500,  350, 500, 1250, 500, 1200, 500, 1250, 500,  350, 500,  350, 500, 1250, 500, 1200, 550,  350, 500, 1200, 500,  400, 500,  350, 500, 1200, 500, 1250, 500,  350, 500,  400, 500
 95, 3550,  1650, 500, 350, 500, 1200, 550, 350, 500, 350, 500, 350, 500, 350, 550, 350, 500, 350, 500, 350, 500, 400, 450, 400, 500, 350, 500, 350, 500, 1250, 500, 350, 500, 400, 500, 350, 500, 350, 500, 350, 550, 350, 500, 350, 500, 1250, 500, 350, 500, 1200, 550, 350, 500,  350, 500, 1200, 500, 1250, 500, 1250, 500, 350, 500, 1200, 500, 400, 450,  400, 500, 1250, 500, 1200, 500, 1250, 500,  350, 500,  350, 500, 1250, 500, 1200, 500,  400, 500, 1200, 500,  350, 500,  400, 450, 1250, 500, 1250, 500,  350, 500,  350, 500
 96, 3500,  1650, 500, 350, 550, 1200, 500, 350, 500, 400, 500, 350, 500, 350, 500, 350, 550, 350, 500, 350, 500, 350, 500, 400, 500, 350, 450, 400, 500, 1250, 500, 350, 500, 350, 500, 350, 550, 350, 500, 350, 500, 350, 500, 400, 500, 1200, 500, 350, 550, 1200, 500, 350, 500,  400, 500,  350, 500,  350, 500,  350, 500, 400, 450, 1250, 500, 400, 500, 1200, 500,  350, 500,  400, 450, 1250, 500,  350, 500,  400, 500, 1200, 500, 1250, 450, 1250, 550,  350, 500,  350, 500, 1250, 500,  350, 500, 1200, 500,  400, 500,  350, 500
 97, 3550,  1650, 500, 350, 500, 1200, 550, 350, 500, 350, 500, 350, 500, 350, 550, 350, 500, 350, 500, 350, 500, 400, 500, 350, 500, 350, 500, 350, 500, 1250, 500, 350, 500, 400, 500, 350, 500, 350, 500, 350, 500, 400, 500, 350, 500, 1200, 550, 350, 500, 1200, 500, 400, 500,  350, 500,  350, 500,  350, 500,  400, 500, 350, 500, 1250, 450, 400, 500, 1200, 500,  400, 450,  400, 500, 1250, 500,  350, 500,  350, 500, 1250, 500, 1200, 500, 1250, 500,  350, 500,  350, 500, 1250, 500,  350, 500, 1250, 500,  350, 500,  350, 500
 98, 3500,  1650, 500, 350, 500, 1250, 500, 350, 500, 350, 500, 350, 550, 350, 500, 350, 500, 350, 500, 400, 500, 350, 500, 350, 500, 350, 550, 350, 500, 1200, 500, 350, 550, 350, 450, 400, 500, 350, 500, 400, 500, 350, 500, 350, 500, 1250, 500, 350, 500, 1250, 500, 350, 500,  350, 500,  350, 550,  350, 500,  350, 500, 350, 500, 1250, 500, 350, 500, 1250, 500,  350, 500,  350, 500, 1250, 500,  350, 500,  350, 500, 1250, 500, 1200, 550, 1200, 500,  350, 500,  400, 500, 1200, 500,  350, 500, 1250, 500,  350, 500,  350, 500
 99, 3500,  1650, 500, 350, 550, 1200, 500, 350, 500, 400, 450, 400, 500, 350, 500, 350, 550, 350, 450, 400, 500, 350, 500, 400, 450, 400, 450, 400, 500, 1250, 450, 400, 500, 350, 500, 400, 450, 400, 450, 400, 500, 350, 500, 400, 450, 1250, 500, 350, 500, 1250, 500, 350, 500,  400, 450,  400, 450,  400, 500,  350, 500, 400, 450, 1250, 500, 400, 450,  400, 450, 1250, 500,  400, 450,  400, 500,  350, 500, 1250, 500,  350, 500,  350, 500,  400, 450, 1250, 500,  350, 500,  400, 450,  400, 500,  350, 500, 1250, 450, 1250, 500
100, 3550,  1650, 450, 400, 500, 1200, 550, 350, 450, 400, 500, 350, 500, 350, 500, 400, 500, 350, 500, 350, 500, 400, 450, 400, 500, 350, 500, 400, 450, 1250, 500, 350, 500, 400, 450, 400, 500, 350, 500, 350, 500, 400, 450, 400, 500, 1250, 450, 400, 500, 1200, 500, 400, 450,  400, 500,  350, 500,  400, 450,  400, 450, 400, 500, 1250, 450, 400, 500,  350, 500, 1250, 450,  400, 500,  350, 500,  400, 450, 1250, 500,  350, 500,  400, 450,  400, 500, 1250, 450,  400, 450,  400, 500,  350, 500,  400, 450, 1250, 500, 1250, 450
101, 3500,  1650, 500, 350, 500, 1250, 500, 350, 500, 400, 450, 400, 500, 350, 500, 350, 500, 400, 450, 400, 500, 350, 500, 350, 500, 400, 450, 400, 500, 1250, 450, 400, 450, 400, 500, 350, 500, 400, 450, 400, 500, 350, 500, 400, 450, 1250, 500, 350, 500, 1250, 500, 350, 500,  350, 500,  400, 450,  400, 500,  350, 500, 400, 450, 1250, 500, 350, 500,  400, 450, 1250, 500,  400, 450,  400, 450,  400, 500, 1250, 450,  400, 500,  350, 500,  400, 450, 1250, 500,  350, 500,  400, 450,  400, 500,  350, 500, 1250, 450, 1250, 500
102, 3500,  1650, 500, 350, 500, 1250, 500, 350, 500, 350, 500, 350, 500, 400, 500, 350, 500, 350, 500, 350, 550, 350, 500, 350, 500, 350, 500, 400, 450, 1250, 500, 350, 500, 400, 450, 400, 500, 350, 500, 400, 450, 400, 500, 350, 500, 1250, 500, 350, 500, 1250, 500, 350, 500,  350, 500,  350, 500,  400, 500, 1200, 500, 350, 500, 1250, 500, 350, 500, 1250, 500, 1200, 550,  350, 500,  350, 500,  350, 500,  400, 500,  350, 500, 1200, 500, 1250, 500, 1200, 550,  350, 450,  400, 500, 1250, 500, 1200, 500, 1250, 500,  350, 500
103, 3500,  1650, 550, 300, 550, 1200, 500, 350, 500, 400, 500, 350, 500, 350, 500, 350, 500, 400, 450, 400, 500, 350, 500, 400, 500, 350, 450, 400, 500, 1250, 500, 350, 500, 350, 500, 350, 550, 350, 500, 350, 500, 350, 500, 400, 500, 1200, 500, 350, 550, 1200, 500, 350, 500,  400, 450,  400, 500,  350, 500, 1250, 500, 350, 500, 1200, 550, 350, 500, 1200, 500, 1250, 500,  350, 500,  350, 500,  400, 500,  350, 500,  350, 500, 1250, 450, 1250, 500, 1250, 500,  350, 500,  400, 500, 1200, 500, 1250, 500, 1200, 500,  350, 500
104, 3500,  1650, 500, 400, 500, 1200, 500, 350, 500, 400, 500, 350, 500, 350, 500, 350, 550, 350, 500, 350, 500, 350, 500, 400, 500, 350, 500, 350, 500, 1250, 500, 350, 500, 350, 500, 400, 450, 400, 450, 400, 500, 350, 500, 400, 450, 1250, 500, 350, 500, 1250, 500, 350, 500,  400, 450,  400, 500,  350, 500, 1250, 450, 400, 500, 1250, 500, 350, 500, 1200, 500, 1250, 500,  350, 500,  400, 450,  400, 500,  350, 500,  350, 500, 1250, 500, 1200, 500, 1250, 500,  350, 500,  400, 450, 1250, 500, 1250, 450, 1250, 500,  400, 450
105, 3500,  1650, 500, 350, 500, 1250, 450, 400, 500, 400, 450, 400, 500, 350, 500, 400, 450, 400, 450, 400, 500, 400, 450, 400, 450, 400, 450, 400, 450, 1250, 500, 400, 450, 400, 500, 400, 450, 400, 450, 400, 450, 450, 450, 400, 450, 1250, 500, 350, 500, 1250, 450, 450, 450,  400, 450,  400, 450,  400, 450,  450, 450, 400, 450, 1250, 500, 400, 450,  400, 450,  400, 450, 1250, 500,  400, 450,  400, 500, 1250, 450,  400, 450,  450, 450,  400, 450,  400, 500, 1200, 500,  400, 500,  350, 450,  450, 450, 1250, 500, 1200, 500
106, 3500,  1650, 500, 350, 550, 1200, 500, 350, 500, 400, 450, 400, 500, 350, 500, 350, 500, 400, 450, 400, 500, 350, 500, 400, 450, 400, 450, 400, 500, 1250, 450, 400, 500, 350, 500, 400, 450, 400, 450, 400, 500, 350, 500, 400, 450, 1250, 500, 350, 500, 1250, 500, 350, 500,  400, 450,  400, 450,  400, 450,  400, 500, 400, 450, 1250, 450, 450, 450,  400, 450,  400, 500, 1250, 450,  400, 500,  350, 500, 1250, 450,  400, 500,  350, 450,  450, 450,  400, 500, 1200, 500,  400, 450,  400, 500,  350, 500, 1250, 450, 1250, 500
107, 3500,  1650, 500, 350, 500, 1250, 500, 350, 500, 350, 500, 400, 450, 400, 500, 350, 500, 400, 450, 400, 450, 400, 450, 450, 450, 400, 450, 400, 450, 1250, 500, 400, 450, 400, 450, 450, 450, 400, 450, 400, 450, 400, 450, 450, 450, 1250, 450, 400, 500, 1250, 450, 400, 500,  400, 450,  400, 450,  400, 500,  350, 500, 400, 450, 1250, 450, 450, 450,  400, 450,  400, 450, 1250, 500,  400, 450,  400, 450, 1250, 500,  400, 450,  400, 450,  450, 450,  400, 450, 1250, 500,  400, 450,  400, 450,  400, 450, 1250, 500, 1250, 500
108, 3500,  1650, 500, 350, 500, 1200, 500, 400, 450, 400, 500, 350, 500, 400, 450, 400, 450, 400, 500, 350, 500, 400, 450, 400, 500, 350, 500, 400, 450, 1250, 500, 350, 500, 400, 450, 400, 500, 350, 500, 400, 450, 400, 450, 400, 500, 1250, 450, 400, 450, 1250, 500, 400, 450,  400, 500, 1250, 450, 1250, 500, 1250, 450, 400, 500, 1250, 450, 400, 450, 1250, 500, 1250, 500,  350, 500,  400, 450, 1250, 500, 1250, 450, 1250, 500, 1250, 450, 1250, 500, 1250, 450, 1250, 500, 1250, 500,  350, 500,  400, 450,  400, 450,  400, 500
109, 3550,  1600, 500, 400, 500, 1200, 500, 350, 500, 400, 500, 350, 500, 350, 500, 350, 550, 350, 500, 350, 500, 350, 500, 400, 450, 400, 500, 350, 500, 1250, 450, 400, 500, 350, 500, 400, 500, 350, 500, 350, 500, 350, 500, 400, 450, 1250, 500, 400, 450, 1250, 500, 350, 500,  400, 500, 1200, 500, 1250, 500, 1200, 500, 400, 450, 1250, 500, 350, 500, 1250, 500, 1250, 500,  350, 450,  400, 500, 1250, 500, 1200, 500, 1250, 450, 1250, 500, 1250, 500, 1200, 500, 1250, 500, 1250, 500,  350, 450,  400, 500,  350, 500,  400, 450
110, 3500,  1700, 500, 350, 500, 1200, 550, 350, 500, 350, 500, 350, 500, 350, 550, 350, 500, 350, 500, 350, 500, 400, 500, 350, 500, 350, 500, 350, 500, 1250, 500, 350, 500, 400, 450, 400, 450, 400, 500, 350, 500, 400, 500, 350, 500, 1250, 500, 350, 450, 1250, 500, 400, 500,  350, 500, 1200, 500, 1250, 500, 1250, 500, 350, 500, 1200, 550, 350, 450, 1250, 500, 1250, 500,  350, 500,  350, 500, 1250, 500, 1250, 450, 1250, 500, 1250, 500, 1200, 500, 1250, 500, 1200, 500, 1250, 500,  350, 500,  350, 550,  350, 450,  400, 500
111, 3500,  1650, 500, 350, 550, 1200, 500, 350, 500, 350, 500, 350, 550, 350, 500, 350, 500, 350, 500, 400, 500, 350, 500, 350, 500, 350, 500, 400, 500, 1200, 500, 350, 500, 400, 500, 350, 500, 350, 500, 400, 450, 400, 450, 400, 500, 1250, 500, 350, 500, 1250, 450, 400, 500,  350, 500, 1250, 500, 1200, 500, 1250, 500, 350, 500, 1250, 500, 350, 500,  350, 500, 1250, 500,  350, 500,  350, 500, 1250, 500, 1200, 500, 1250, 500, 1250, 500,  350, 500, 1200, 500, 1250, 500, 1200, 550,  350, 500,  350, 500,  350, 500,  400, 500
112, 3500,  1650, 500, 350, 550, 1200, 500, 350, 500, 400, 500, 350, 450, 400, 500, 350, 500, 400, 500, 350, 500, 350, 500, 400, 450, 400, 500, 350, 500, 1250, 450, 400, 500, 350, 500, 400, 450, 400, 450, 400, 500, 350, 500, 400, 500, 1200, 500, 350, 500, 1250, 500, 350, 500,  400, 450, 1250, 500, 1250, 450, 1250, 500, 400, 450, 1250, 500, 350, 500,  400, 500, 1200, 500,  350, 550,  350, 450, 1250, 500, 1250, 450, 1250, 500, 1250, 500,  350, 500, 1250, 450, 1250, 500, 1250, 500,  350, 500,  400, 450,  400, 450,  400, 500
113, 3500,  1650, 500, 350, 500, 1250, 500, 350, 500, 350, 500, 350, 500, 400, 500, 350, 500, 350, 500, 400, 500, 350, 500, 350, 500, 350, 500, 400, 500, 1200, 500, 400, 450, 400, 450, 400, 500, 350, 500, 400, 450, 400, 500, 350, 500, 1250, 500, 350, 500, 1250, 450, 400, 500,  350, 500, 1250, 450, 1250, 500, 1250, 450, 400, 500, 1250, 450, 400, 500,  350, 500, 1250, 500,  350, 500,  350, 500, 1250, 500, 1200, 500, 1250, 500, 1250, 450,  400, 450, 1250, 550, 1200, 500, 1250, 450,  400, 500,  350, 500,  350, 500,  400, 500
114, 3500,  1650, 500, 350, 550, 1200, 500, 350, 500, 400, 450, 400, 450, 400, 500, 350, 550, 350, 450, 400, 500, 350, 500, 400, 500, 350, 500, 350, 500, 1250, 450, 400, 450, 400, 500, 350, 550, 350, 450, 400, 500, 350, 500, 400, 500, 1200, 500, 350, 500, 1250, 500, 350, 500,  400, 500, 1200, 500, 1250, 500, 1200, 500, 350, 500, 1250, 500, 350, 500, 1250, 500,  350, 500, 1250, 500, 1200, 500, 1250, 450, 1250, 500, 1250, 500, 1250, 450, 1250, 500,  350, 500,  400, 500,  350, 500,  350, 500,  350, 500,  400, 450,  400, 500
115, 3500,  1650, 550, 350, 500, 1200, 500, 400, 500, 350, 450, 400, 500, 350, 500, 400, 450, 400, 500, 350, 500, 400, 450, 400, 450, 400, 500, 350, 500, 1250, 500, 350, 500, 400, 450, 400, 450, 400, 500, 350, 500, 400, 450, 400, 500, 1200, 500, 400, 450, 1250, 500, 400, 450,  400, 500, 1200, 500, 1250, 500, 1250, 450, 400, 450, 1250, 500, 400, 500, 1200, 500,  400, 500, 1200, 500, 1250, 450, 1250, 500, 1250, 500, 1200, 500, 1250, 450, 1250, 500,  400, 500,  350, 500,  350, 500,  400, 500,  350, 500,  400, 450,  350, 500
116, 3500,  1650, 550, 350, 500, 1200, 500, 400, 500, 350, 500, 350, 500, 350, 550, 350, 450, 400, 500, 350, 500, 400, 500, 350, 500, 350, 500, 350, 500, 1250, 500, 350, 500, 350, 500, 400, 500, 350, 500, 350, 500, 400, 500, 350, 450, 1250, 500, 400, 450, 1250, 500, 400, 450,  400, 450, 1250, 500, 1250, 500, 1200, 550, 350, 450, 1250, 500, 400, 450, 1250, 500,  350, 500, 1250, 500, 1250, 500, 1200, 500, 1250, 450, 1250, 500, 1250, 450, 1250, 500,  400, 450,  400, 500,  350, 500,  400, 450,  400, 500,  350, 500,  350, 500
117, 3500,  1650, 500, 350, 550, 1200, 500, 350, 500, 400, 450, 400, 500, 350, 500, 350, 500, 400, 500, 350, 500, 350, 500, 350, 500, 400, 500, 350, 500, 1250, 450, 400, 450, 400, 500, 350, 500, 400, 500, 350, 500, 350, 500, 400, 500, 1200, 500, 350, 550, 1200, 500, 350, 500,  400, 450, 1250, 500, 1250, 500, 1200, 500, 350, 550, 1200, 500, 350, 500,  400, 500,  350, 450, 1250, 500, 1250, 500, 1250, 500, 1200, 500, 1250, 500, 1200, 500,  350, 500,  400, 500,  350, 500,  350, 500,  400, 500,  350, 500,  350, 500,  350, 550
118, 3500,  1650, 550, 350, 500, 1200, 500, 400, 500, 350, 500, 350, 500, 350, 550, 350, 450, 400, 500, 350, 500, 400, 500, 350, 500, 350, 500, 350, 500, 1250, 500, 350, 500, 350, 550, 350, 450, 400, 500, 350, 500, 400, 500, 350, 450, 1250, 550, 350, 450, 1250, 500, 400, 500,  350, 500, 1200, 500, 1250, 500, 1250, 500, 350, 500, 1200, 500, 400, 500,  350, 500,  350, 500, 1250, 500, 1200, 500, 1250, 500, 1200, 500, 1250, 500, 1250, 500,  350, 500,  350, 500,  350, 500,  400, 500,  350, 500,  350, 500,  400, 500,  350, 500
119, 3500,  1650, 550, 350, 500, 1200, 500, 400, 500, 350, 500, 350, 500, 350, 500, 400, 500, 350, 500, 350, 500, 350, 550, 350, 500, 350, 500, 350, 500, 1250, 500, 350, 500, 350, 500, 400, 500, 350, 500, 350, 500, 400, 500, 350, 500, 1200, 550, 350, 450, 1250, 500, 400, 500,  350, 450, 1250, 500, 1250, 500, 1200, 550, 350, 450, 1250, 500, 400, 500,  350, 500,  350, 500, 1250, 450, 1250, 500, 1250, 450, 1250, 500, 1250, 500, 1200, 550,  350, 500,  350, 500,  350, 500,  400, 500,  350, 500,  350, 500,  350, 500,  400, 450
120, 3500,  1650, 550, 350, 500, 1200, 500, 400, 500, 350, 500, 350, 500, 350, 500, 400, 450, 400, 500, 350, 500, 400, 450, 400, 500, 350, 500, 350, 500, 1250, 500, 350, 500, 350, 500, 400, 450, 400, 500, 350, 500, 400, 500, 350, 500, 1200, 550, 350, 500, 1200, 500, 400, 500,  350, 450, 1250, 550, 1200, 500, 1200, 550, 350, 500, 1200, 500, 400, 450, 1250, 500, 1250, 500,  350, 500, 1250, 450, 1250, 500, 1250, 500, 1200, 500, 1250, 500, 1200, 500, 1250, 500, 1200, 550,  350, 500,  350, 500,  350, 500,  400, 500,  350, 500
121, 3500,  1650, 500, 350, 550, 1200, 500, 350, 500, 400, 500, 350, 500, 350, 500, 350, 500, 400, 500, 350, 500, 350, 500, 350, 500, 400, 500, 350, 500, 1250, 500, 350, 450, 400, 500, 350, 550, 350, 500, 350, 500, 350, 500, 400, 500, 1200, 500, 350, 550, 1200, 500, 350, 500,  400, 500, 1200, 500, 1250, 450, 1250, 500, 350, 550, 1200, 500, 350, 500, 1250, 500, 1200, 550,  350, 500, 1200, 500, 1250, 500, 1200, 500, 1250, 500, 1200, 500, 1250, 500, 1250, 450, 1250, 500,  350, 550,  350, 500,  350, 500,  350, 500,  400, 500
122, 3500,  1650, 500, 350, 500, 1250, 500, 350, 500, 350, 500, 350, 550, 350, 500, 350, 500, 350, 500, 400, 500, 350, 500, 350, 500, 350, 500, 400, 500, 1200, 500, 400, 500, 350, 500, 350, 500, 350, 500, 400, 500, 350, 500, 350, 500, 1250, 450, 400, 500, 1250, 450, 400, 500,  350, 500, 1250, 500, 1200, 500, 1250, 500, 350, 500, 1250, 500, 350, 500, 1250, 500, 1200, 500,  350, 550, 1200, 500, 1200, 550, 1200, 500, 1250, 500, 1200, 500, 1250, 500, 1200, 500, 1250, 500,  350, 500,  350, 500,  400, 500,  350, 500,  350, 500
123, 3500,  1650, 500, 400, 500, 1200, 500, 350, 500, 400, 450, 400, 500, 400, 450, 400, 450, 400, 450, 400, 500, 400, 450, 400, 450, 400, 500, 350, 500, 1250, 450, 400, 500, 350, 500, 400, 450, 400, 500, 350, 500, 400, 450, 400, 450, 1250, 500, 400, 450, 1250, 500, 350, 500,  400, 450, 1250, 500, 1250, 450, 1250, 500, 400, 450, 1250, 500, 350, 500, 1250, 500,  350, 500, 1250, 500,  350, 500, 1250, 450,  400, 500, 1250, 450,  400, 450, 1250, 500,  400, 450,  400, 500, 1250, 450,  400, 450, 1250, 500,  400, 450, 1250, 500
124, 3500,  1650, 500, 400, 500, 1200, 500, 350, 500, 400, 450, 400, 500, 350, 500, 400, 450, 400, 450, 400, 500, 350, 500, 400, 450, 400, 500, 350, 500, 1250, 450, 400, 500, 350, 500, 400, 450, 400, 450, 450, 450, 400, 450, 400, 450, 1250, 500, 400, 450, 1250, 500, 350, 500,  400, 450, 1250, 500, 1250, 450, 1250, 500, 400, 500, 1200, 500, 350, 500, 1250, 500,  350, 500, 1250, 450,  400, 500, 1250, 450,  400, 500, 1250, 450,  400, 450, 1250, 500,  400, 450,  400, 500, 1250, 450,  400, 450, 1250, 500,  400, 450, 1250, 500
125, 3450,  1700, 450, 400, 450, 1300, 450, 400, 500, 350, 500, 350, 500, 400, 450, 400, 500, 350, 500, 400, 450, 400, 450, 400, 500, 350, 500, 400, 450, 1250, 500, 400, 450, 400, 450, 450, 450, 350, 500, 400, 450, 400, 450, 450, 450, 1250, 450, 400, 500, 1250, 450, 400, 450,  450, 450, 1250, 450, 1250, 500, 1250, 450, 400, 500, 1250, 450, 400, 500, 1200, 500,  400, 450, 1250, 500,  400, 450, 1250, 500,  350, 500, 1250, 500,  400, 450, 1250, 450,  400, 500,  400, 450, 1250, 500,  350, 500, 1250, 450,  400, 500, 1250, 450
126, 3500,  1650, 550, 350, 500, 1200, 500, 400, 450, 400, 450, 400, 500, 350, 500, 400, 450, 400, 500, 400, 450, 400, 450, 400, 450, 450, 450, 400, 450, 1250, 500, 350, 500, 400, 450, 400, 500, 400, 450, 400, 450, 400, 450, 400, 500, 1200, 500, 400, 450, 1250, 500, 400, 450,  400, 450,  450, 450,  400, 450,  400, 450, 400, 500, 1250, 450, 400, 450,  450, 450,  400, 450,  400, 450,  400, 500, 1250, 450, 1250, 500,  350, 500,  400, 450,  400, 450,  450, 450,  400, 450,  400, 450, 1250, 500,  400, 500, 1200, 500, 1250, 450
127, 3500,  1650, 500, 350, 500, 1250, 500, 350, 500, 400, 450, 400, 500, 350, 500, 350, 500, 400, 450, 400, 500, 350, 500, 400, 450, 400, 450, 400, 500, 1250, 450, 400, 450, 400, 500, 400, 450, 400, 450, 400, 500, 350, 500, 400, 450, 1250, 500, 350, 500, 1250, 450, 400, 500,  350, 500,  400, 450,  450, 450,  400, 450, 400, 450, 1250, 500, 400, 450,  400, 450,  400, 500,  400, 450,  400, 450, 1250, 500, 1250, 450,  400, 500,  350, 500,  400, 450,  400, 450,  450, 450,  400, 450, 1250, 500,  350, 500, 1250, 450, 1250, 500
128, 3550,  1650, 500, 350, 500, 1200, 500, 400, 450, 400, 500, 350, 500, 400, 500, 350, 450, 400, 500, 350, 500, 400, 450, 400, 500, 350, 500, 400, 450, 1250, 500, 350, 500, 400, 450, 400, 500, 400, 450, 400, 450, 400, 450, 400, 500, 1250, 450, 400, 450, 1250, 500, 400, 450,  400, 500,  400, 450,  400, 450,  400, 450, 450, 450, 1250, 450, 400, 500,  400, 450,  400, 450,  400, 450,  400, 500, 1250, 450, 1250, 500,  350, 500,  400, 450,  400, 500,  400, 450,  400, 450,  400, 450, 1250, 500,  400, 450, 1250, 500, 1250, 450
129, 3500,  1650, 500, 350, 500, 1250, 500, 350, 500, 400, 500, 350, 450, 400, 500, 350, 500, 400, 450, 400, 500, 350, 500, 400, 450, 400, 450, 400, 500, 1250, 450, 400, 500, 350, 500, 350, 550, 350, 450, 400, 500, 350, 500, 400, 500, 1200, 500, 350, 500, 1250, 500, 350, 500,  400, 450, 1250, 500,  350, 500,  400, 450, 400, 500, 1200, 550, 350, 450, 1250, 500, 1250, 500, 1200, 500,  400, 450,  400, 500, 1250, 450,  400, 500, 1200, 500, 1250, 500, 1200, 500,  400, 500,  350, 500,  350, 500,  400, 500, 1200, 500,  350, 500
130, 3500,  1650, 500, 350, 500, 1250, 500, 350, 500, 400, 450, 400, 500, 350, 500, 350, 500, 400, 450, 400, 500, 350, 500, 400, 450, 400, 450, 400, 500, 1250, 450, 400, 450, 400, 500, 350, 500, 400, 500, 350, 500, 350, 500, 400, 450, 1250, 500, 350, 500, 1250, 500, 350, 500,  400, 450, 1250, 500,  350, 500,  400, 450, 400, 500, 1200, 500, 400, 450, 1250, 500, 1250, 450, 1250, 500,  400, 450,  400, 500, 1250, 450,  400, 450, 1250, 500, 1250, 500, 1200, 500,  400, 450,  400, 500,  350, 500,  400, 450, 1250, 500,  350, 500
131, 3500,  1650, 500, 350, 500, 1250, 500, 350, 500, 350, 500, 350, 500, 400, 450, 400, 500, 350, 500, 400, 500, 350, 450, 450, 450, 350, 500, 400, 450, 1250, 500, 400, 450, 400, 450, 400, 500, 400, 450, 400, 450, 400, 500, 350, 500, 1250, 450, 400, 500, 1250, 450, 400, 450,  400, 500, 1250, 450,  400, 500,  400, 450, 400, 450, 1250, 500, 350, 500, 1250, 500, 1200, 500, 1250, 500,  350, 500,  400, 450, 1250, 500,  350, 500, 1250, 500, 1250, 450, 1250, 500,  350, 500,  400, 450,  400, 500,  350, 500, 1250, 450,  400, 500
132, 3500,  1650, 500, 350, 500, 1250, 450, 400, 450, 400, 500, 350, 500, 400, 450, 400, 500, 350, 500, 400, 450, 400, 450, 450, 450, 400, 450, 400, 450, 1250, 500, 400, 450, 400, 450, 400, 500, 350, 500, 400, 450, 400, 450, 450, 450, 1250, 450, 400, 500, 1250, 450, 400, 450,  400, 500, 1250, 450,  400, 450,  400, 500, 400, 450, 1250, 500, 350, 500,  400, 500,  350, 500,  400, 450, 1250, 450, 1250, 500,  400, 450,  400, 450, 1250, 500,  400, 450,  400, 500, 1250, 450, 1250, 500, 1250, 450, 1250, 500, 1250, 450,  400, 500
133, 3500,  1650, 500, 400, 450, 1250, 500, 350, 500, 400, 450, 400, 500, 350, 500, 400, 450, 400, 450, 400, 500, 350, 500, 400, 450, 400, 500, 350, 500, 1250, 450, 400, 500, 350, 500, 400, 450, 400, 500, 400, 450, 400, 450, 400, 450, 1250, 500, 400, 450, 1250, 500, 350, 500,  400, 450, 1250, 500,  400, 450,  400, 450, 400, 500, 1250, 450, 400, 500,  350, 500,  400, 450,  400, 450, 1250, 500, 1250, 500,  350, 500,  350, 500, 1250, 500,  350, 500,  400, 450, 1250, 500, 1250, 450, 1250, 500, 1250, 450, 1250, 500,  400, 450
134, 3550,  1650, 500, 350, 500, 1200, 500, 400, 450, 400, 500, 350, 500, 400, 450, 400, 450, 400, 500, 350, 500, 400, 450, 400, 500, 350, 500, 400, 450, 1250, 500, 350, 500, 400, 450, 400, 500, 400, 450, 400, 450, 400, 450, 450, 450, 1250, 450, 400, 500, 1200, 500, 400, 450,  400, 500, 1250, 450,  400, 450,  400, 500, 350, 500, 1250, 500, 350, 500,  400, 450,  400, 450,  450, 450, 1250, 450, 1250, 500,  400, 450,  400, 450, 1250, 500,  400, 450,  400, 500, 1200, 500, 1250, 500, 1250, 500, 1200, 500, 1250, 450,  400, 500
135, 3500,  1650, 500, 350, 500, 1250, 500, 350, 500, 350, 500, 400, 500, 350, 450, 400, 500, 350, 500, 400, 500, 350, 500, 350, 500, 400, 450, 400, 450, 1250, 500, 400, 450, 400, 450, 400, 500, 400, 450, 400, 450, 400, 500, 400, 450, 1250, 450, 400, 500, 1250, 450, 400, 500,  350, 500, 1250, 450,  400, 500,  350, 500, 400, 450, 1250, 500, 350, 500,  400, 450,  400, 500, 1250, 450,  400, 450,  450, 450,  350, 500,  400, 450, 1250, 500,  400, 450,  400, 450,  450, 450,  350, 500,  400, 450, 1250, 500, 1250, 450,  400, 500
136, 3500,  1650, 500, 350, 500, 1250, 500, 350, 500, 400, 500, 350, 450, 400, 500, 350, 500, 400, 450, 400, 500, 400, 450, 350, 500, 400, 450, 400, 500, 1250, 450, 400, 450, 400, 500, 350, 550, 350, 450, 400, 500, 350, 500, 400, 450, 1250, 500, 350, 500, 1250, 500, 350, 500,  400, 450, 1250, 500,  350, 500,  400, 500, 350, 450, 1250, 500, 400, 450,  400, 500,  350, 500, 1250, 450,  400, 500,  350, 500,  400, 450,  400, 500, 1250, 450,  400, 450,  400, 500,  350, 500,  400, 450,  400, 500, 1200, 500, 1250, 500,  350, 500
137, 3500,  1650, 500, 350, 550, 1200, 500, 350, 500, 400, 500, 350, 450, 400, 500, 350, 500, 400, 450, 400, 500, 350, 500, 400, 500, 350, 450, 400, 500, 1250, 450, 400, 500, 400, 450, 400, 450, 400, 450, 450, 450, 400, 450, 400, 450, 1250, 500, 350, 500, 1250, 500, 350, 500,  400, 500, 1200, 500,  350, 500,  400, 450, 400, 500, 1250, 450, 400, 450,  450, 450,  350, 500, 1250, 500,  350, 500,  400, 450,  400, 450,  450, 450, 1250, 500,  350, 450,  450, 450,  400, 450,  400, 450,  400, 500, 1250, 450, 1250, 500,  350, 500
138, 3500,  1650, 500, 400, 500, 1200, 500, 350, 500, 400, 450, 400, 500, 350, 500, 400, 450, 400, 450, 400, 500, 350, 500, 400, 500, 350, 500, 350, 500, 1250, 450, 400, 500, 350, 500, 400, 450, 400, 500, 350, 500, 400, 450, 400, 450, 1250, 500, 400, 450, 1250, 500, 350, 500, 1250, 500,  350, 500,  400, 450, 1250, 500, 350, 500, 1250, 500, 350, 500, 1250, 500,  350, 500, 1250, 500,  350, 500,  350, 500,  350, 500,  400, 450, 1250, 500, 1250, 450, 1250, 500, 1250, 500,  350, 500, 1250, 500, 1200, 500, 1250, 500,  350, 500
139, 3450,  1700, 500, 350, 500, 1250, 450, 400, 500, 350, 500, 400, 500, 350, 500, 350, 500, 350, 500, 400, 450, 400, 500, 350, 500, 400, 450, 400, 450, 1250, 500, 400, 450, 400, 500, 350, 500, 400, 450, 400, 450, 400, 500, 350, 500, 1250, 500, 350, 500, 1250, 450, 400, 500, 1250, 450,  400, 500,  350, 500, 1250, 450, 400, 500, 1250, 450, 400, 500, 1200, 500,  400, 450, 1250, 500,  400, 450,  400, 450,  400, 500,  350, 500, 1250, 500, 1200, 500, 1250, 500, 1250, 450,  400, 450, 1250, 500, 1250, 500, 1250, 450,  400, 450
140, 3500,  1650, 500, 400, 450, 1250, 500, 350, 550, 350, 450, 400, 500, 350, 500, 400, 450, 400, 500, 350, 500, 350, 500, 400, 450, 400, 500, 350, 500, 1250, 450, 400, 500, 350, 500, 400, 450, 400, 500, 350, 500, 350, 550, 350, 450, 1250, 500, 400, 500, 1200, 500, 350, 500, 1250, 500,  350, 500,  400, 450, 1250, 500, 350, 500, 1250, 500, 350, 500, 1250, 450,  400, 500, 1250, 450,  400, 500,  350, 500,  350, 500,  400, 450, 1250, 500, 1250, 450, 1250, 500, 1250, 500,  350, 500, 1250, 450, 1250, 500, 1250, 500,  350, 500
